date,coin,close,volume
2024-01-01,ADA,"0,62 $",637967695.0
2024-01-01,BNB,"314,41 $",2896132.0
2024-01-01,BTC,"44 167,33 $",417208.0
2024-01-01,DOGE,"0,09 $",3245751694.0
2024-01-01,ETH,"2 352,33 $",
2024-01-01,SOL,"109,51 $",19703205.0
2024-01-01,XRP,"0,63 $",1157492422.0
2024-01-02, SOL,"106,61 $",35475230.0
2024-01-02,ADA,"0,61 $",1002608968.0
2024-01-02,BNB,"312,10 $",3630280.0
2024-01-02,BTC,"44 957,97 $",874934.0
2024-01-02,DOGE,"0,09 $",5441745937.0
2024-01-02,ETH,"2 355,84 $",5480238.0
2024-01-02,XRP,"0,63 $",2120684138.0
2024-01-03,Ada ,"0,56 $",2023091336.0
2024-01-03,BTC,"42 848,18 $",1081547.0
2024-01-03,ETH,"2 210,76 $",8744919.0
2024-01-03,SOL,"98,59 $",55502286.0
2024-01-03,XRP,"0,58 $",5847678577.0
2024-01-03,bnb,"316,66 $",6085837.0
2024-01-03,doge,"0,08 $",12517259625.0
2024-01-04,ADA,"0,57 $",1036487017.0
2024-01-04,BTC,"44 179,92 $",689184.0
2024-01-04,DOGE,"0,08 $",6112256174.0
2024-01-04,ETH,"2 269,04 $",4867510.0
2024-01-04,SOL,"105,08 $",31145793.0
2024-01-04,XRP,"0,59 $",2468448533.0
2024-01-04,bnb,"323,60 $",3971854.0
2024-01-05, ETH,"2 268,65 $",4787414.0
2024-01-05,ADA,"0,54 $",1167973515.0
2024-01-05,BNB,"317,45 $",3960401.0
2024-01-05,BTC,"44 162,69 $",732202.0
2024-01-05,DOGE,"0,08 $",6620311418.0
2024-01-05,SOL,"99,98 $",30227689.0
2024-01-05,XRP,"0,58 $",2617833190.0
2024-01-06, XRP,"0,57 $",1443302267.0
2024-01-06,ADA,"0,52 $",873620213.0
2024-01-06,BNB,"307,79 $",3415538.0
2024-01-06,BTC,"43 989,20 $",365829.0
2024-01-06,DOGE,"0,08 $",5140804991.0
2024-01-06,ETH,"2 241,62 $",2663578.0
2024-01-06,SOL,"93,86 $",23822250.0
2024-01-07, ADA,"0,49 $",817033379.0
2024-01-07, SOL,"89,28 $",25628981.0
2024-01-07,BNB,"302,89 $",2699969.0
2024-01-07,BTC,"43 943,10 $",439900.0
2024-01-07,DOGE,"0,08 $",5104075837.0
2024-01-07,ETH,"2 222,87 $",2919678.0
2024-01-07,Xrp ,"0,55 $",1633964859.0
2024-01-08,ADA,"0,54 $",1378779805.0
2024-01-08,BTC,"46 970,50 $",910065.0
2024-01-08,Doge ,"0,08 $",7413673724.0
2024-01-08,ETH,"2 333,03 $",5928030.0
2024-01-08,SOL,"97,79 $",42462721.0
2024-01-08,XRP,"0,58 $",3479817933.0
2024-01-08,bnb,"304,50 $",3749413.0
2024-01-09,ADA,"0,51 $",1281569592.0
2024-01-09,BNB,"300,98 $",4566397.0
2024-01-09,BTC,"46 139,73 $",863059.0
2024-01-09,Doge ,"0,08 $",12074325722.0
2024-01-09,ETH,"2 344,83 $",6350630.0
2024-01-09,SOL,"99,41 $",40943215.0
2024-01-09,XRP,"0,57 $",3071086399.0
2024-01-10,Ada ,"0,57 $",1746559653.0
2024-01-10,BNB,"305,10 $",3932286.0
2024-01-10,BTC,"46 627,78 $",1074780.0
2024-01-10,DOGE,"0,08 $",8481240784.0
2024-01-10,ETH,"2 582,10 $",11247458.0
2024-01-10,SOL,"102,03 $",41324167.0
2024-01-10,XRP,"0,60 $",3705822364.0
2024-01-11, BNB,"308,70 $",4298091.0
2024-01-11,ADA,"0,58 $",1983923844.0
2024-01-11,BTC,"46 368,59 $",988465.0
2024-01-11,ETH,"2 619,62 $",8617759.0
2024-01-11,Sol ,"99,91 $",41778102.0
2024-01-11,XRP,"0,60 $",
2024-01-11,doge,"0,08 $",9194802067.0
2024-01-12,ADA,"0,55 $",1248509440.0
2024-01-12,BNB,"296,63 $",4039999.0
2024-01-12,BTC,"42 853,17 $",1011190.0
2024-01-12,DOGE,"0,08 $",7584491635.0
2024-01-12,ETH,"2 524,46 $",9357976.0
2024-01-12,SOL,"91,72 $",31277491.0
2024-01-12,XRP,"0,57 $",3009288608.0
2024-01-13, ADA,"0,55 $",679274923.0
2024-01-13,BNB,"302,23 $",2701104.0
2024-01-13,Btc ,"42 842,38 $",480876.0
2024-01-13,DOGE,"0,08 $",3679316221.0
2024-01-13,ETH,"2 576,60 $",4754454.0
2024-01-13,SOL,"95,73 $",19641994.0
2024-01-13,xrp,"0,58 $",1248630072.0
2024-01-14,ADA,"0,53 $",658132642.0
2024-01-14,BNB,"299,05 $",2633805.0
2024-01-14,BTC,"41 796,27 $",419210.0
2024-01-14,DOGE,"0,08 $",5768509669.0
2024-01-14,ETH,"2 472,24 $",3804478.0
2024-01-14,SOL,"94,13 $",29073020.0
2024-01-14,XRP,"0,58 $",1460637777.0
2024-01-15, ETH,"2 511,36 $",3862694.0
2024-01-15,ADA,"0,53 $",625332587.0
2024-01-15,BNB,"317,57 $",5249957.0
2024-01-15,BTC,"42 511,97 $",525034.0
2024-01-15,DOGE,"0,08 $",3360961129.0
2024-01-15,Sol ,"94,49 $",18582435.0
2024-01-15,XRP,"0,58 $",1725125720.0
2024-01-16,ADA,"0,54 $",594138538.0
2024-01-16,BNB,"315,23 $",3628752.0
2024-01-16,Btc ,"43 154,95 $",557592.0
2024-01-16,DOGE,"0,08 $",4036488697.0
2024-01-16,ETH,"2 587,69 $",4275362.0
2024-01-16,SOL,"97,63 $",18504906.0
2024-01-16,XRP,"0,58 $",1605257802.0
2024-01-17,ADA,"0,53 $",566797236.0
2024-01-17,BNB,"309,09 $",3903336.0
2024-01-17,BTC,"42 742,65 $",487832.0
2024-01-17,DOGE,"0,08 $",3243892946.0
2024-01-17,ETH,"2 528,37 $",4129546.0
2024-01-17,SOL,"102,06 $",31552334.0
2024-01-17,XRP,"0,57 $",1587969167.0
2024-01-18, SOL,"94,25 $",28482733.0
2024-01-18,ADA,"0,50 $",760614671.0
2024-01-18,BTC,"41 262,06 $",611175.0
2024-01-18,ETH,"2 467,02 $",4823647.0
2024-01-18,XRP,"0,55 $",1916464854.0
2024-01-18,bnb,"313,29 $",3529647.0
2024-01-18,doge,"0,08 $",4037608686.0
2024-01-19, SOL,"93,39 $",28174058.0
2024-01-19,ADA,"0,50 $",860580614.0
2024-01-19,BNB,"314,30 $",3296603.0
2024-01-19,BTC,"41 618,41 $",618774.0
2024-01-19,DOGE,"0,08 $",4469775277.0
2024-01-19,XRP,"0,54 $",2443845919.0
2024-01-19,eth,"2 489,50 $",4581356.0
2024-01-20,BNB,"316,96 $",2192248.0
2024-01-20,BTC,"41 665,59 $",278088.0
2024-01-20,ETH,"2 469,59 $",2145226.0
2024-01-20,SOL,"92,57 $",13011188.0
2024-01-20,XRP,"0,55 $",1312339099.0
2024-01-20,ada,"0,52 $",653693712.0
2024-01-20,doge,"0,09 $",7785672280.0
2024-01-21,ADA,"0,50 $",467057489.0
2024-01-21,BNB,"318,32 $",2271855.0
2024-01-21,Btc ,"41 545,79 $",224910.0
2024-01-21,DOGE,"0,09 $",11125800459.0
2024-01-21,ETH,"2 453,91 $",1865784.0
2024-01-21,SOL,"90,85 $",9851168.0
2024-01-21,XRP,"0,55 $",905075873.0
2024-01-22,ADA,"0,48 $",928596503.0
2024-01-22,BNB,"305,44 $",3106984.0
2024-01-22,BTC,"39 507,37 $",793237.0
2024-01-22,DOGE,"0,08 $",8380913087.0
2024-01-22,SOL,"83,62 $",31836857.0
2024-01-22,XRP,"0,53 $",2186636894.0
2024-01-22,eth,"2 310,83 $",6025451.0
2024-01-23, BTC,"39 845,55 $",733948.0
2024-01-23,ADA,"0,48 $",1129295973.0
2024-01-23,DOGE,"0,08 $",7107533941.0
2024-01-23,DOGE,"0,08 $",7107533941.0
2024-01-23,ETH,"2 240,69 $",7221961.0
2024-01-23,SOL,"84,27 $",35484472.0
2024-01-23,XRP,"0,52 $",2732571472.0
2024-01-23,bnb,"298,40 $",3570649.0
2024-01-24, BNB,"293,09 $",3277903.0
2024-01-24,ADA,"0,48 $",819212414.0
2024-01-24,BTC,"40 077,07 $",557913.0
2024-01-24,DOGE,"0,08 $",4715319959.0
2024-01-24,SOL,"88,73 $",26512166.0
2024-01-24,XRP,"0,52 $",1699591063.0
2024-01-24,eth,"2 233,56 $",4537472.0
2024-01-25, DOGE,"0,08 $",3758212227.0
2024-01-25,ADA,"0,47 $",730250664.0
2024-01-25,BTC,"39 933,81 $",463061.0
2024-01-25,ETH,"2 217,71 $",4194528.0
2024-01-25,SOL,"86,89 $",19266983.0
2024-01-25,XRP,"0,51 $",1606548500.0
2024-01-25,bnb,"291,92 $",3723351.0
2024-01-26,ADA,"0,49 $",746332422.0
2024-01-26,BNB,"302,32 $",3189584.0
2024-01-26,BTC,"41 816,87 $",612148.0
2024-01-26,DOGE,"0,08 $",3553092848.0
2024-01-26,ETH,"2 267,20 $",4399753.0
2024-01-26,Sol ,"92,44 $",21930476.0
2024-01-26,Xrp ,"0,53 $",1920216445.0
2024-01-27, ETH,"2 267,89 $",2268354.0
2024-01-27, ETH,"2 267,89 $",2268354.0
2024-01-27,BTC,"42 120,05 $",271200.0
2024-01-27,Bnb ,"305,82 $",
2024-01-27,SOL,"94,16 $",13344758.0
2024-01-27,Xrp ,"0,53 $",890000416.0
2024-01-27,ada,"0,49 $",493050456.0
2024-01-27,doge,"0,08 $",2649393153.0
2024-01-28,ADA,"0,49 $",701304770.0
2024-01-28,BTC,"42 035,59 $",401064.0
2024-01-28,DOGE,"0,08 $",3263375078.0
2024-01-28,ETH,"2 257,21 $",3232406.0
2024-01-28,SOL,"95,94 $",25283267.0
2024-01-28,bnb,"304,98 $",2565303.0
2024-01-28,xrp,"0,52 $",998899849.0
2024-01-29, BTC,"43 288,25 $",477462.0
2024-01-29,ADA,"0,53 $",850595103.0
2024-01-29,BNB,"310,71 $",2654068.0
2024-01-29,DOGE,"0,08 $",6649966805.0
2024-01-29,ETH,"2 317,06 $",3861868.0
2024-01-29,SOL,"101,57 $",25647101.0
2024-01-29,XRP,"0,54 $",1685682739.0
2024-01-30, ETH,"2 344,49 $",4339291.0
2024-01-30,ADA,"0,51 $",956711684.0
2024-01-30,BNB,"307,46 $",2529308.0
2024-01-30,Btc ,"42 952,61 $",555096.0
2024-01-30,SOL,"101,47 $",32797804.0
2024-01-30,XRP,"0,51 $",3276533581.0
2024-01-30,doge,"0,08 $",4182688569.0
2024-01-31,ADA,"0,50 $",941441026.0
2024-01-31,BNB,"300,35 $",2711223.0
2024-01-31,BTC,"42 582,61 $",579430.0
2024-01-31,DOGE,"0,08 $",3901548585.0
2024-01-31,ETH,"2 282,54 $",4735016.0
2024-01-31,SOL,"97,03 $",39312767.0
2024-01-31,XRP,"0,50 $",2661139492.0
2024-02-01, SOL,"97,85 $",30163466.0
2024-02-01,BNB,"300,18 $",2513535.0
2024-02-01,BTC,"43 075,77 $",497355.0
2024-02-01,DOGE,"0,08 $",3240290897.0
2024-02-01,ETH,"2 303,82 $",3861224.0
2024-02-01,XRP,"0,51 $",1985328075.0
2024-02-01,ada,"0,51 $",737978269.0
2024-02-02, BNB,"301,15 $",2322989.0
2024-02-02,ADA,"0,51 $",810791867.0
2024-02-02,BTC,"43 185,86 $",
2024-02-02,DOGE,"0,08 $",2778656128.0
2024-02-02,ETH,"2 308,04 $",3113529.0
2024-02-02,SOL,"100,44 $",25627546.0
2024-02-02,XRP,"0,51 $",1817818244.0
2024-02-03,ADA,"0,51 $",541154811.0
2024-02-03,BNB,"299,74 $",2022925.0
2024-02-03,Btc ,"42 992,25 $",259797.0
2024-02-03,DOGE,"0,08 $",1944130426.0
2024-02-03,ETH,"2 296,04 $",2024249.0
2024-02-03,SOL,"97,88 $",13785462.0
2024-02-03,XRP,"0,52 $",1660561125.0
2024-02-04,ADA,"0,49 $",483962123.0
2024-02-04,BNB,"304,73 $",2687053.0
2024-02-04,BTC,"42 583,58 $",347604.0
2024-02-04,Doge ,"0,08 $",2348166390.0
2024-02-04,Eth ,"2 289,55 $",2375187.0
2024-02-04,SOL,"95,48 $",13658863.0
2024-02-04,XRP,"0,50 $",1069923348.0
2024-02-05, DOGE,"0,08 $",3292571098.0
2024-02-05, SOL,"95,55 $",17115123.0
2024-02-05,ADA,"0,49 $",560592673.0
2024-02-05,BNB,"300,85 $",2746896.0
2024-02-05,BTC,"42 658,67 $",438726.0
2024-02-05,ETH,"2 298,89 $",3165472.0
2024-02-05,XRP,"0,51 $",1643402193.0
2024-02-06,BNB,"302,71 $",2246500.0
2024-02-06,Btc ,"43 084,67 $",389895.0
2024-02-06,DOGE,"0,08 $",2447706057.0
2024-02-06,SOL,"96,86 $",17550882.0
2024-02-06,XRP,"0,51 $",1519331936.0
2024-02-06,ada,"0,50 $",549843664.0
2024-02-06,eth,"2 372,20 $",4013522.0
2024-02-07,BNB,"307,63 $",2524154.0
2024-02-07,BTC,"44 318,22 $",476702.0
2024-02-07,ETH,"2 423,75 $",3985827.0
2024-02-07,SOL,"100,98 $",17167950.0
2024-02-07,ada,"0,50 $",981941253.0
2024-02-07,doge,"0,08 $",2663711496.0
2024-02-07,xrp,"0,51 $",1742979609.0
2024-02-08,ADA,"0,53 $",1283512788.0
2024-02-08,BTC,"45 301,57 $",577343.0
2024-02-08,DOGE,"0,08 $",3115381034.0
2024-02-08,ETH,"2 419,91 $",4108358.0
2024-02-08,SOL,"102,79 $",22264095.0
2024-02-08,XRP,"0,51 $",1753534687.0
2024-02-08,bnb,"318,87 $",3782531.0
2024-02-09,Ada ,"0,54 $",970217833.0
2024-02-09,BNB,"323,84 $",3380352.0
2024-02-09,DOGE,"0,08 $",4089717917.0
2024-02-09,ETH,"2 487,52 $",5481052.0
2024-02-09,SOL,"106,93 $",26678025.0
2024-02-09,XRP,"0,53 $",1962996365.0
2024-02-09,btc,"47 147,20 $",833915.0
2024-02-10, BTC,"47 771,28 $",343275.0
2024-02-10,ADA,"0,55 $",717101767.0
2024-02-10,BNB,"323,13 $",2283104.0
2024-02-10,Doge ,"0,08 $",2614507188.0
2024-02-10,Sol ,"109,13 $",16828891.0
2024-02-10,XRP,"0,52 $",1103617395.0
2024-02-10,eth,"2 501,23 $",2588506.0
2024-02-11, ADA,"0,54 $",966493207.0
2024-02-11,BNB,"320,79 $",2201833.0
2024-02-11,BTC,"48 293,92 $",399965.0
2024-02-11,DOGE,"0,08 $",3747903855.0
2024-02-11,Eth ,"2 507,57 $",2930026.0
2024-02-11,SOL,"107,50 $",12748316.0
2024-02-11,XRP,"0,53 $",1360070905.0
2024-02-12,ADA,"0,56 $",865576378.0
2024-02-12,BNB,"327,94 $",2995765.0
2024-02-12,BTC,"49 958,22 $",690817.0
2024-02-12,DOGE,"0,08 $",4378229642.0
2024-02-12,ETH,"2 658,12 $",4899221.0
2024-02-12,SOL,"111,99 $",23668781.0
2024-02-12,XRP,"0,53 $",1933065775.0
2024-02-13, XRP,"0,52 $",1950622305.0
2024-02-13,ADA,"0,55 $",846248661.0
2024-02-13,BNB,"324,87 $",2728761.0
2024-02-13,DOGE,"0,08 $",5175589764.0
2024-02-13,SOL,"112,58 $",24067431.0
2024-02-13,btc,"49 742,44 $",
2024-02-13,eth,"2 642,19 $",6915199.0
2024-02-14, ADA,"0,58 $",996400383.0
2024-02-14,BNB,"334,25 $",2655121.0
2024-02-14,BTC,"51 826,70 $",754546.0
2024-02-14,DOGE,"0,09 $",7329828552.0
2024-02-14,SOL,"116,98 $",20442083.0
2024-02-14,eth,"2 777,90 $",7721284.0
2024-02-14,xrp,"0,54 $",2147933181.0
2024-02-15,ADA,"0,61 $",1280719097.0
2024-02-15,BNB,"354,71 $",4917137.0
2024-02-15,DOGE,"0,09 $",
2024-02-15,ETH,"2 824,38 $",8403434.0
2024-02-15,Sol ,"113,70 $",21737019.0
2024-02-15,XRP,"0,56 $",3336213023.0
2024-02-15,btc,"51 938,55 $",742500.0
2024-02-16,Ada ,"0,60 $",918944026.0
2024-02-16,BNB,"360,89 $",4050191.0
2024-02-16,Btc ,"52 160,20 $",540270.0
2024-02-16,DOGE,"0,09 $",5128542183.0
2024-02-16,ETH,"2 803,69 $",6083806.0
2024-02-16,SOL,"110,45 $",17395841.0
2024-02-16,SOL,"110,45 $",17395841.0
2024-02-16,XRP,"0,56 $",2664530098.0
2024-02-17,ADA,"0,61 $",766687971.0
2024-02-17,BNB,"352,91 $",3121254.0
2024-02-17,BTC,"51 663,00 $",387300.0
2024-02-17,ETH,"2 786,67 $",
2024-02-17,Xrp ,"0,55 $",1657133961.0
2024-02-17,doge,"0,08 $",4160140797.0
2024-02-17,sol,"108,98 $",12576217.0
2024-02-18,ADA,"0,62 $",1103815631.0
2024-02-18,BNB,"349,68 $",2745237.0
2024-02-18,Btc ,"52 122,55 $",337577.0
2024-02-18,Doge ,"0,09 $",3525485882.0
2024-02-18,ETH,"2 879,00 $",8112486.0
2024-02-18,SOL,"112,17 $",13517501.0
2024-02-18,XRP,"0,56 $",1237737077.0
2024-02-19, BTC,"51 779,14 $",412563.0
2024-02-19, SOL,"111,49 $",17030539.0
2024-02-19,ADA,"0,63 $",988707041.0
2024-02-19,BNB,"351,81 $",3666808.0
2024-02-19,DOGE,"0,09 $",7414754603.0
2024-02-19,ETH,"2 943,57 $",5151257.0
2024-02-19,XRP,"0,56 $",1969874018.0
2024-02-20, ADA,"0,62 $",1319271552.0
2024-02-20, SOL,"108,46 $",24497371.0
2024-02-20,BNB,"354,86 $",4198479.0
2024-02-20,DOGE,"0,09 $",9303816203.0
2024-02-20,XRP,"0,56 $",3157690664.0
2024-02-20,btc,"52 284,88 $",637924.0
2024-02-20,eth,"3 013,50 $",6750149.0
2024-02-21,BNB,"378,54 $",5982193.0
2024-02-21,BTC,"51 839,18 $",552187.0
2024-02-21,DOGE,"0,08 $",5145587568.0
2024-02-21,ETH,"2 970,36 $",6361911.0
2024-02-21,SOL,"105,13 $",21373193.0
2024-02-21,XRP,"0,55 $",2434404858.0
2024-02-21,ada,"0,60 $",934300172.0
2024-02-22,ADA,"0,59 $",866382841.0
2024-02-22,BNB,"382,01 $",5241014.0
2024-02-22,BTC,"51 304,97 $",495350.0
2024-02-22,DOGE,"0,08 $",4315610459.0
2024-02-22,ETH,"2 971,01 $",6078379.0
2024-02-22,SOL,"101,67 $",18005702.0
2024-02-22,XRP,"0,54 $",2161467185.0
2024-02-23, BTC,"50 731,95 $",422359.0
2024-02-23, XRP,"0,53 $",2055708474.0
2024-02-23,ADA,"0,58 $",788511045.0
2024-02-23,DOGE,"0,08 $",4739667154.0
2024-02-23,ETH,"2 921,66 $",4388849.0
2024-02-23,SOL,"99,95 $",14839574.0
2024-02-23,bnb,"375,32 $",
2024-02-24, ETH,"2 992,39 $",3576306.0
2024-02-24, XRP,"0,55 $",1296111191.0
2024-02-24,ADA,"0,60 $",651698745.0
2024-02-24,BNB,"381,74 $",2851162.0
2024-02-24,Btc ,"51 571,10 $",294236.0
2024-02-24,DOGE,"0,09 $",3784789208.0
2024-02-24,SOL,"104,13 $",10406231.0
2024-02-25,ADA,"0,59 $",575570436.0
2024-02-25,BNB,"388,55 $",3407736.0
2024-02-25,BTC,"51 733,24 $",297937.0
2024-02-25,BTC,"51 733,24 $",297937.0
2024-02-25,DOGE,"0,09 $",3378126298.0
2024-02-25,Eth ,"3 112,70 $",4697036.0
2024-02-25,SOL,"103,45 $",8792961.0
2024-02-25,SOL,"103,45 $",8792961.0
2024-02-25,XRP,"0,54 $",1295003990.0
2024-02-26,ADA,"0,62 $",947266139.0
2024-02-26,BNB,"401,64 $",5007287.0
2024-02-26,BTC,"54 522,40 $",624962.0
2024-02-26,DOGE,"0,09 $",5859088583.0
2024-02-26,Eth ,"3 178,99 $",5506291.0
2024-02-26,SOL,"109,92 $",21237620.0
2024-02-26,XRP,"0,55 $",2093775128.0
2024-02-27,ADA,"0,62 $",1196040470.0
2024-02-27,BNB,"395,00 $",
2024-02-27,BTC,"57 085,37 $",871621.0
2024-02-27,DOGE,"0,10 $",18498047232.0
2024-02-27,ETH,"3 244,52 $",6500290.0
2024-02-27,Sol ,"108,39 $",25131869.0
2024-02-27,XRP,"0,59 $",4027099170.0
2024-02-28, DOGE,"0,12 $",32972051275.0
2024-02-28,BNB,"415,77 $",5589171.0
2024-02-28,BTC,"62 504,79 $",1331724.0
2024-02-28,SOL,"118,05 $",42603971.0
2024-02-28,XRP,"0,58 $",5350561611.0
2024-02-28,ada,"0,63 $",1902559200.0
2024-02-28,eth,"3 385,70 $",9713163.0
2024-02-29, BNB,"399,78 $",5148767.0
2024-02-29,ADA,"0,66 $",2500634720.0
2024-02-29,BTC,"61 198,38 $",
2024-02-29,DOGE,"0,12 $",40960536042.0
2024-02-29,ETH,"3 341,92 $",8518808.0
2024-02-29,SOL,"125,71 $",
2024-02-29,XRP,"0,59 $",6220149031.0
2024-03-01,Ada ,"0,72 $",1300799025.0
2024-03-01,BNB,"407,81 $",3744861.0
2024-03-01,BTC,"62 440,63 $",643593.0
2024-03-01,DOGE,"0,14 $",26931287889.0
2024-03-01,ETH,"3 435,05 $",4914072.0
2024-03-01,SOL,"129,99 $",36487907.0
2024-03-01,XRP,"0,60 $",2889929342.0
2024-03-02,ADA,"0,74 $",1680612942.0
2024-03-02,BNB,"410,99 $",3699494.0
2024-03-02,BTC,"62 029,85 $",385113.0
2024-03-02,Doge ,"0,14 $",25253090448.0
2024-03-02,ETH,"3 422,05 $",3513783.0
2024-03-02,SOL,"129,70 $",21139313.0
2024-03-02,Xrp ,"0,64 $",4584056164.0
2024-03-03,BNB,"414,38 $",4369349.0
2024-03-03,BTC,"63 167,37 $",415623.0
2024-03-03,DOGE,"0,15 $",26084977259.0
2024-03-03,ETH,"3 490,99 $",3908149.0
2024-03-03,SOL,"130,45 $",22043657.0
2024-03-03,XRP,"0,63 $",3285646286.0
2024-03-03,ada,"0,73 $",1246606144.0
2024-03-04, DOGE,"0,18 $",34706914092.0
2024-03-04,ADA,"0,77 $",2125261096.0
2024-03-04,BTC,"68 330,41 $",1034246.0
2024-03-04,ETH,"3 630,43 $",7374591.0
2024-03-04,SOL,"133,19 $",33257797.0
2024-03-04,XRP,"0,65 $",5582248951.0
2024-03-04,bnb,"419,04 $",5038268.0
2024-03-05,ADA,"0,69 $",3093746201.0
2024-03-05,BNB,"394,66 $",8409807.0
2024-03-05,BTC,"63 801,20 $",1611301.0
2024-03-05,ETH,"3 554,96 $",13419796.0
2024-03-05,XRP,"0,59 $",8457273837.0
2024-03-05,doge,"0,15 $",60857815575.0
2024-03-05,sol,"125,71 $",71438466.0
2024-03-06,BNB,"429,01 $",7648061.0
2024-03-06,BTC,"66 106,80 $",1039987.0
2024-03-06,Doge ,"0,16 $",28505435176.0
2024-03-06,ETH,"3 819,23 $",9148094.0
2024-03-06,SOL,"130,74 $",39365157.0
2024-03-06,XRP,"0,61 $",4500075645.0
2024-03-06,ada,"0,73 $",1664439088.0
2024-03-07,ADA,"0,74 $",
2024-03-07,BNB,"475,29 $",7004115.0
2024-03-07,BTC,"66 925,48 $",702117.0
2024-03-07,DOGE,"0,16 $",19010987267.0
2024-03-07,ETH,"3 874,35 $",5796376.0
2024-03-07,Sol ,"143,98 $",49390777.0
2024-03-07,XRP,"0,63 $",4023423028.0
2024-03-08, BNB,"488,09 $",7466096.0
2024-03-08,BTC,"68 300,09 $",866805.0
2024-03-08,DOGE,"0,17 $",24050176752.0
2024-03-08,ETH,"3 892,06 $",6715076.0
2024-03-08,SOL,"145,24 $",37693876.0
2024-03-08,XRP,"0,62 $",3480761781.0
2024-03-08,ada,"0,72 $",1279982928.0
2024-03-09,ADA,"0,74 $",813753359.0
2024-03-09,BNB,"489,56 $",4728606.0
2024-03-09,BTC,"68 498,88 $",315474.0
2024-03-09,DOGE,"0,18 $",19271620843.0
2024-03-09,Eth ,"3 915,42 $",3046066.0
2024-03-09,SOL,"144,61 $",20374230.0
2024-03-09,XRP,"0,62 $",2526674329.0
2024-03-10, ADA,"0,72 $",898770575.0
2024-03-10, BNB,"529,37 $",8514107.0
2024-03-10,BTC,"69 019,79 $",517011.0
2024-03-10,DOGE,"0,17 $",13385650483.0
2024-03-10,ETH,"3 881,19 $",4066771.0
2024-03-10,SOL,"144,52 $",23579682.0
2024-03-10,XRP,"0,61 $",2483059957.0
2024-03-11,ADA,"0,77 $",1734222197.0
2024-03-11,BNB,"522,72 $",7556857.0
2024-03-11,BTC,"72 123,91 $",911163.0
2024-03-11,DOGE,"0,18 $",15968475180.0
2024-03-11,ETH,"4 066,45 $",7083893.0
2024-03-11,SOL,"148,75 $",36192198.0
2024-03-11,XRP,"0,72 $",9456405140.0
2024-03-12,ADA,"0,75 $",1334927673.0
2024-03-12,BNB,"537,87 $",8145301.0
2024-03-12,BTC,"71 481,29 $",875116.0
2024-03-12,DOGE,"0,17 $",15016548510.0
2024-03-12,SOL,"151,02 $",42469948.0
2024-03-12,XRP,"0,69 $",6049435559.0
2024-03-12,eth,"3 980,27 $",6762604.0
2024-03-13, ADA,"0,76 $",1078887826.0
2024-03-13,BNB,"630,56 $",9067745.0
2024-03-13,BTC,"73 083,50 $",659691.0
2024-03-13,DOGE,"0,17 $",11411907086.0
2024-03-13,ETH,"4 006,46 $",5498153.0
2024-03-13,SOL,"163,84 $",36117423.0
2024-03-13,Xrp ,"0,69 $",3471725272.0
2024-03-14,ADA,"0,75 $",2150134477.0
2024-03-14,BNB,"602,99 $",8156648.0
2024-03-14,BTC,"71 396,59 $",834698.0
2024-03-14,DOGE,"0,18 $",34104306718.0
2024-03-14,ETH,"3 883,14 $",6550062.0
2024-03-14,SOL,"176,68 $",47543468.0
2024-03-14,Xrp ,"0,67 $",5117538885.0
2024-03-15,ADA,"0,73 $",1954778331.0
2024-03-15,BNB,"632,80 $",9243253.0
2024-03-15,BTC,"69 403,77 $",1128475.0
2024-03-15,DOGE,"0,16 $",21958493150.0
2024-03-15,ETH,"3 735,22 $",8970040.0
2024-03-15,SOL,"182,96 $",77027695.0
2024-03-15,XRP,"0,63 $",5770176467.0
2024-03-16,ADA,"0,66 $",1454337497.0
2024-03-16,BNB,"576,78 $",6853209.0
2024-03-16,BTC,"65 315,12 $",717172.0
2024-03-16,DOGE,"0,14 $",
2024-03-16,ETH,"3 522,86 $",5733936.0
2024-03-16,SOL,"181,88 $",64845568.0
2024-03-16,xrp,"0,60 $",3710059436.0
2024-03-17,ADA,"0,68 $",1178684918.0
2024-03-17,BNB,"571,09 $",6150026.0
2024-03-17,BTC,"68 390,62 $",653845.0
2024-03-17,DOGE,"0,15 $",15092946600.0
2024-03-17,SOL,"202,12 $",53809750.0
2024-03-17,XRP,"0,62 $",2950414490.0
2024-03-17,eth,"3 642,41 $",5474052.0
2024-03-18, DOGE,"0,14 $",11537797064.0
2024-03-18, XRP,"0,65 $",4273156011.0
2024-03-18,ADA,"0,66 $",1214322728.0
2024-03-18,BNB,"554,56 $",7181198.0
2024-03-18,BTC,"67 548,59 $",729276.0
2024-03-18,ETH,"3 517,99 $",6015438.0
2024-03-18,SOL,"195,99 $",56826833.0
2024-03-19,ADA,"0,59 $",1942179533.0
2024-03-19,BNB,"507,08 $",8572203.0
2024-03-19,BTC,"61 912,77 $",1198716.0
2024-03-19,DOGE,"0,13 $",22889479298.0
2024-03-19,ETH,"3 157,62 $",10820490.0
2024-03-19,SOL,"170,02 $",68573397.0
2024-03-19,XRP,"0,58 $",6111741827.0
2024-03-20,ADA,"0,64 $",1519888420.0
2024-03-20,BNB,"556,70 $",5707472.0
2024-03-20,Btc ,"67 913,67 $",983493.0
2024-03-20,DOGE,"0,15 $",20965432522.0
2024-03-20,Eth ,"3 513,39 $",10418793.0
2024-03-20,SOL,"191,55 $",45283083.0
2024-03-20,XRP,"0,61 $",4477869779.0
2024-03-21, DOGE,"0,16 $",16622129954.0
2024-03-21, SOL,"179,22 $",31323445.0
2024-03-21,Ada ,"0,63 $",1039100508.0
2024-03-21,BTC,"65 491,39 $",679179.0
2024-03-21,Bnb ,"553,25 $",4690725.0
2024-03-21,ETH,"3 492,99 $",6359492.0
2024-03-21,XRP,"0,64 $",4384334717.0
2024-03-22, ADA,"0,61 $",963304444.0
2024-03-22,BNB,"551,78 $",5346273.0
2024-03-22,BTC,"63 778,76 $",649136.0
2024-03-22,DOGE,"0,15 $",17500957259.0
2024-03-22,SOL,"174,36 $",23806205.0
2024-03-22,XRP,"0,61 $",3360405451.0
2024-03-22,eth,"3 333,69 $",6171829.0
2024-03-23,ADA,"0,63 $",659342976.0
2024-03-23,BTC,"64 062,20 $",386171.0
2024-03-23,DOGE,"0,16 $",18004883714.0
2024-03-23,ETH,"3 336,59 $",3968759.0
2024-03-23,SOL,"172,90 $",15682745.0
2024-03-23,Xrp ,"0,62 $",1878980355.0
2024-03-23,bnb,"551,88 $",3556074.0
2024-03-24, BTC,"67 234,17 $",404655.0
2024-03-24,Ada ,"0,65 $",626516204.0
2024-03-24,Bnb ,"567,99 $",3073031.0
2024-03-24,DOGE,"0,18 $",16142241737.0
2024-03-24,ETH,"3 454,64 $",3518941.0
2024-03-24,SOL,"183,57 $",14496823.0
2024-03-24,XRP,"0,63 $",1944050182.0
2024-03-25,ADA,"0,66 $",886745272.0
2024-03-25,BTC,"69 958,81 $",610361.0
2024-03-25,Eth ,"3 590,88 $",5180875.0
2024-03-25,SOL,"189,08 $",21506313.0
2024-03-25,XRP,"0,64 $",3190078619.0
2024-03-25,bnb,"587,43 $",4239197.0
2024-03-25,doge,"0,18 $",15136200120.0
2024-03-26,ADA,"0,67 $",929655785.0
2024-03-26,BNB,"580,15 $",3597190.0
2024-03-26,BTC,"69 987,84 $",514524.0
2024-03-26,DOGE,"0,18 $",15766659857.0
2024-03-26,ETH,"3 587,50 $",5158335.0
2024-03-26,SOL,"190,70 $",18459267.0
2024-03-26,XRP,"0,63 $",2845474109.0
2024-03-27, ADA,"0,65 $",1012017513.0
2024-03-27, BNB,"574,51 $",3453016.0
2024-03-27, BTC,"69 455,34 $",587818.0
2024-03-27, SOL,"186,36 $",20631867.0
2024-03-27,DOGE,"0,19 $",21309876231.0
2024-03-27,ETH,"3 500,12 $",5357847.0
2024-03-27,XRP,"0,61 $",3250497735.0
2024-03-28,BNB,"583,27 $",3405909.0
2024-03-28,BTC,"70 744,95 $",485899.0
2024-03-28,DOGE,"0,22 $",29779367076.0
2024-03-28,ETH,"3 561,29 $",4610592.0
2024-03-28,SOL,"189,62 $",15348535.0
2024-03-28,XRP,"0,62 $",2855243213.0
2024-03-28,ada,"0,65 $",707266358.0
2024-03-29, ETH,"3 511,81 $",3619990.0
2024-03-29,ADA,"0,66 $",845624279.0
2024-03-29,BNB,"612,66 $",4552184.0
2024-03-29,BTC,"69 892,83 $",360993.0
2024-03-29,DOGE,"0,21 $",16363476573.0
2024-03-29,SOL,"192,23 $",15767788.0
2024-03-29,XRP,"0,63 $",2971689203.0
2024-03-30, BTC,"69 645,30 $",245964.0
2024-03-30, SOL,"194,39 $",15429706.0
2024-03-30,ADA,"0,64 $",623212376.0
2024-03-30,BNB,"601,02 $",2912817.0
2024-03-30,DOGE,"0,20 $",12053089001.0
2024-03-30,Eth ,"3 507,94 $",2676515.0
2024-03-30,XRP,"0,62 $",1677206292.0
2024-03-31, BTC,"71 333,65 $",281087.0
2024-03-31, XRP,"0,63 $",1201540200.0
2024-03-31,ADA,"0,65 $",493713531.0
2024-03-31,BNB,"606,91 $",2400020.0
2024-03-31,DOGE,"0,22 $",10973476351.0
2024-03-31,Eth ,"3 647,86 $",2878370.0
2024-03-31,SOL,"202,87 $",11545018.0
2024-04-01,ADA,"0,62 $",1009799609.0
2024-04-01,BNB,"576,40 $",3504951.0
2024-04-01,BTC,"69 702,15 $",500322.0
2024-04-01,DOGE,"0,21 $",16579300407.0
2024-04-01,ETH,"3 505,03 $",4565467.0
2024-04-01,SOL,"192,57 $",20109878.0
2024-04-01,XRP,"0,61 $",2899649153.0
2024-04-02, BTC,"65 446,97 $",774753.0
2024-04-02,ADA,"0,58 $",
2024-04-02,BNB,"550,68 $",4504007.0
2024-04-02,Doge ,"0,18 $",21150156837.0
2024-04-02,ETH,"3 277,23 $",6736332.0
2024-04-02,SOL,"181,17 $",25132264.0
2024-04-02,XRP,"0,59 $",3711146908.0
2024-04-03, ADA,"0,57 $",849958082.0
2024-04-03, BNB,"562,02 $",3730494.0
2024-04-03, BTC,"65 980,81 $",522698.0
2024-04-03,DOGE,"0,18 $",17730894334.0
2024-04-03,SOL,"185,25 $",22458307.0
2024-04-03,Xrp ,"0,57 $",2868738698.0
2024-04-03,eth,"3 311,44 $",4834974.0
2024-04-04, BTC,"68 508,84 $",502702.0
2024-04-04,BNB,"585,44 $",3997817.0
2024-04-04,DOGE,"0,18 $",11969497414.0
2024-04-04,ETH,"3 330,04 $",4347193.0
2024-04-04,SOL,"183,96 $",22294319.0
2024-04-04,XRP,"0,59 $",3689825551.0
2024-04-04,ada,"0,58 $",849874671.0
2024-04-05,BNB,"578,97 $",3426435.0
2024-04-05,DOGE,"0,18 $",10787304202.0
2024-04-05,ETH,"3 318,89 $",4584204.0
2024-04-05,SOL,"174,50 $",42397343.0
2024-04-05,ada,"0,57 $",781179185.0
2024-04-05,btc,"67 837,64 $",497485.0
2024-04-05,xrp,"0,59 $",2611933180.0
2024-04-06, BNB,"585,97 $",2268026.0
2024-04-06,ADA,"0,58 $",437531268.0
2024-04-06,BTC,"68 896,11 $",289825.0
2024-04-06,DOGE,"0,19 $",8712895951.0
2024-04-06,Eth ,"3 354,18 $",2670374.0
2024-04-06,SOL,"178,92 $",26118066.0
2024-04-06,XRP,"0,59 $",1468989212.0
2024-04-07,BNB,"584,10 $",2353486.0
2024-04-07,BTC,"69 362,55 $",305711.0
2024-04-07,DOGE,"0,20 $",13276315333.0
2024-04-07,ETH,"3 453,49 $",2875669.0
2024-04-07,SOL,"179,65 $",10324489.0
2024-04-07,XRP,"0,59 $",1554982168.0
2024-04-07,ada,"0,59 $",522104960.0
2024-04-08,ADA,"0,61 $",720709724.0
2024-04-08,BNB,"586,90 $",2963417.0
2024-04-08,BTC,"71 631,36 $",520183.0
2024-04-08,DOGE,"0,20 $",10394513438.0
2024-04-08,ETH,"3 695,29 $",5156599.0
2024-04-08,Sol ,"180,78 $",15180360.0
2024-04-08,XRP,"0,62 $",3276917894.0
2024-04-09, BNB,"580,83 $",3422970.0
2024-04-09, XRP,"0,61 $",3948954800.0
2024-04-09,ADA,"0,59 $",862799136.0
2024-04-09,BTC,"69 139,02 $",526865.0
2024-04-09,ETH,"3 505,16 $",5215099.0
2024-04-09,doge,"0,19 $",10997244482.0
2024-04-09,sol,"172,41 $",15591511.0
2024-04-10,BNB,"610,08 $",2711542.0
2024-04-10,BTC,"70 587,88 $",542850.0
2024-04-10,DOGE,"0,20 $",13312781555.0
2024-04-10,SOL,"173,44 $",19281166.0
2024-04-10,XRP,"0,62 $",3797963665.0
2024-04-10,ada,"0,59 $",859705587.0
2024-04-10,eth,"3 543,74 $",4761212.0
2024-04-11,ADA,"0,59 $",582249103.0
2024-04-11,BNB,"604,89 $",2148357.0
2024-04-11,BTC,"70 060,61 $",430390.0
2024-04-11,DOGE,"0,19 $",11235802237.0
2024-04-11,DOGE,"0,19 $",11235802237.0
2024-04-11,SOL,"172,58 $",15716719.0
2024-04-11,XRP,"0,61 $",2001851585.0
2024-04-11,eth,"3 505,25 $",4015903.0
2024-04-11,eth,"3 505,25 $",4015903.0
2024-04-12, DOGE,"0,17 $",20684846567.0
2024-04-12, XRP,"0,55 $",5238423668.0
2024-04-12,ADA,"0,50 $",2254366994.0
2024-04-12,BNB,"596,38 $",4392416.0
2024-04-12,Eth ,"3 243,03 $",6816106.0
2024-04-12,Sol ,"153,64 $",30768842.0
2024-04-12,btc,"67 195,87 $",656726.0
2024-04-13, ETH,"3 004,90 $",9960533.0
2024-04-13, XRP,"0,48 $",8230628704.0
2024-04-13,ADA,"0,45 $",2774721537.0
2024-04-13,BNB,"554,30 $",4799408.0
2024-04-13,DOGE,"0,15 $",31017689213.0
2024-04-13,SOL,"139,34 $",64422887.0
2024-04-13,btc,"63 821,47 $",828400.0
2024-04-14,ADA,"0,47 $",2049469477.0
2024-04-14,BNB,"567,22 $",3039932.0
2024-04-14,BTC,"65 738,73 $",746658.0
2024-04-14,DOGE,"0,16 $",22942749885.0
2024-04-14,ETH,"3 156,94 $",8073093.0
2024-04-14,SOL,"151,28 $",47003846.0
2024-04-14,xrp,"0,50 $",5601878724.0
2024-04-15,ADA,"0,46 $",1559723638.0
2024-04-15,BNB,"552,87 $",2692641.0
2024-04-15,Btc ,"63 426,21 $",687349.0
2024-04-15,DOGE,"0,16 $",22338366876.0
2024-04-15,ETH,"3 101,60 $",7069203.0
2024-04-15,SOL,"138,51 $",41148624.0
2024-04-15,XRP,"0,50 $",4734120282.0
2024-04-16, BTC,"63 811,86 $",671466.0
2024-04-16,ADA,"0,46 $",1129954559.0
2024-04-16,DOGE,"0,16 $",15858876493.0
2024-04-16,ETH,"3 084,92 $",6302073.0
2024-04-16,SOL,"136,28 $",37834679.0
2024-04-16,XRP,"0,50 $",3851781782.0
2024-04-16,bnb,"537,83 $",2416624.0
2024-04-17,ADA,"0,44 $",1094788586.0
2024-04-17,BNB,"534,42 $",2642001.0
2024-04-17,BTC,"61 276,69 $",684032.0
2024-04-17,DOGE,"0,15 $",13360169921.0
2024-04-17,ETH,"2 984,73 $",5934166.0
2024-04-17,SOL,"131,87 $",37072026.0
2024-04-17,XRP,"0,49 $",3621297465.0
2024-04-18, DOGE,"0,15 $",12774730733.0
2024-04-18,ADA,"0,46 $",893797910.0
2024-04-18,BNB,"552,17 $",2606638.0
2024-04-18,BTC,"63 512,75 $",566915.0
2024-04-18,SOL,"142,08 $",29514997.0
2024-04-18,XRP,"0,50 $",2824446028.0
2024-04-18,eth,"3 066,03 $",4952264.0
2024-04-19,ADA,"0,47 $",1275839110.0
2024-04-19,BNB,"554,89 $",2379024.0
2024-04-19,DOGE,"0,16 $",13992419392.0
2024-04-19,ETH,"3 059,28 $",6668233.0
2024-04-19,SOL,"142,68 $",41054440.0
2024-04-19,Xrp ,"0,50 $",4259179997.0
2024-04-19,btc,"63 843,57 $",781918.0
2024-04-20,ADA,"0,51 $",1060880146.0
2024-04-20,BNB,"570,96 $",1220762.0
2024-04-20,BTC,"64 994,44 $",355376.0
2024-04-20,DOGE,"0,16 $",10130444157.0
2024-04-20,DOGE,"0,16 $",10130444157.0
2024-04-20,ETH,"3 157,63 $",3141169.0
2024-04-20,SOL,"151,13 $",18499480.0
2024-04-20,XRP,"0,53 $",2337641179.0
2024-04-21, ADA,"0,50 $",709839907.0
2024-04-21, ETH,"3 147,29 $",2984915.0
2024-04-21,BNB,"579,62 $",1349265.0
2024-04-21,DOGE,"0,16 $",8171106557.0
2024-04-21,SOL,"148,61 $",14882400.0
2024-04-21,XRP,"0,52 $",1709376003.0
2024-04-21,btc,"64 926,64 $",315843.0
2024-04-22, ADA,"0,52 $",779518507.0
2024-04-22,BNB,"605,58 $",2147281.0
2024-04-22,BTC,"66 837,68 $",423155.0
2024-04-22,Doge ,"0,16 $",7766959098.0
2024-04-22,ETH,"3 201,65 $",3768011.0
2024-04-22,SOL,"157,03 $",18847529.0
2024-04-22,XRP,"0,56 $",3001517485.0
2024-04-23,ADA,"0,50 $",806878326.0
2024-04-23,BNB,"606,84 $",2274438.0
2024-04-23,BTC,"66 407,27 $",366089.0
2024-04-23,DOGE,"0,16 $",6551420247.0
2024-04-23,ETH,"3 219,91 $",3433151.0
2024-04-23,SOL,"154,70 $",17780625.0
2024-04-23,XRP,"0,55 $",2478750702.0
2024-04-24,ADA,"0,47 $",1045320268.0
2024-04-24,BNB,"608,09 $",2497538.0
2024-04-24,BTC,"64 276,90 $",471035.0
2024-04-24,DOGE,"0,15 $",10074058824.0
2024-04-24,ETH,"3 139,81 $",4458950.0
2024-04-24,Sol ,"147,75 $",26615674.0
2024-04-24,XRP,"0,53 $",2908656059.0
2024-04-25, BTC,"64 481,71 $",498681.0
2024-04-25,BNB,"614,00 $",1891910.0
2024-04-25,ETH,"3 156,51 $",4431804.0
2024-04-25,SOL,"144,89 $",25363485.0
2024-04-25,XRP,"0,53 $",2448312419.0
2024-04-25,ada,"0,47 $",739371726.0
2024-04-25,doge,"0,15 $",7123411957.0
2024-04-26, SOL,"139,10 $",18435004.0
2024-04-26,ADA,"0,46 $",687048513.0
2024-04-26,BNB,"597,71 $",1368212.0
2024-04-26,BNB,"597,71 $",1368212.0
2024-04-26,BTC,"63 755,32 $",378625.0
2024-04-26,DOGE,"0,15 $",5937712212.0
2024-04-26,XRP,"0,53 $",2202920372.0
2024-04-26,eth,"3 130,16 $",3393538.0
2024-04-27,ADA,"0,47 $",670975928.0
2024-04-27,BNB,"595,72 $",
2024-04-27,BTC,"63 419,14 $",307964.0
2024-04-27,DOGE,"0,15 $",5738354539.0
2024-04-27,ETH,"3 252,17 $",3634740.0
2024-04-27,SOL,"141,29 $",16796446.0
2024-04-27,XRP,"0,52 $",1456144210.0
2024-04-28,ADA,"0,46 $",544377918.0
2024-04-28,BNB,"600,07 $",1135048.0
2024-04-28,BTC,"63 113,23 $",274662.0
2024-04-28,DOGE,"0,15 $",4349472999.0
2024-04-28,ETH,"3 262,77 $",3487582.0
2024-04-28,SOL,"137,86 $",14210476.0
2024-04-28,XRP,"0,51 $",1138124323.0
2024-04-29, BNB,"592,83 $",1464354.0
2024-04-29,ADA,"0,46 $",658148868.0
2024-04-29,BTC,"63 841,12 $",417222.0
2024-04-29,ETH,"3 215,43 $",4675036.0
2024-04-29,SOL,"137,78 $",17890924.0
2024-04-29,XRP,"0,52 $",2217966187.0
2024-04-29,doge,"0,14 $",7182137528.0
2024-04-30, ETH,"3 012,29 $",6064129.0
2024-04-30,ADA,"0,44 $",927871012.0
2024-04-30,BNB,"578,49 $",2986892.0
2024-04-30,BTC,"60 636,86 $",624057.0
2024-04-30,DOGE,"0,13 $",10068175453.0
2024-04-30,Sol ,"126,96 $",26837175.0
2024-04-30,XRP,"0,50 $",2694630302.0
2024-05-01, ADA,"0,45 $",1169490681.0
2024-05-01, DOGE,"0,13 $",16412982091.0
2024-05-01, XRP,"0,52 $",3327002068.0
2024-05-01,BNB,"561,41 $",2676886.0
2024-05-01,BTC,"58 254,01 $",831527.0
2024-05-01,ETH,"2 969,78 $",6736198.0
2024-05-01,SOL,"134,63 $",30724728.0
2024-05-02, DOGE,"0,13 $",9907838494.0
2024-05-02,ADA,"0,46 $",779810247.0
2024-05-02,BNB,"560,53 $",1565401.0
2024-05-02,BTC,"59 123,43 $",553280.0
2024-05-02,ETH,"2 988,17 $",4405342.0
2024-05-02,SOL,"137,81 $",24526293.0
2024-05-02,XRP,"0,52 $",2157891226.0
2024-05-03,ADA,"0,47 $",709810398.0
2024-05-03,BTC,"62 889,84 $",527462.0
2024-05-03,DOGE,"0,15 $",8664463748.0
2024-05-03,Eth ,"3 103,54 $",4144356.0
2024-05-03,SOL,"143,77 $",22375358.0
2024-05-03,XRP,"0,53 $",2140360917.0
2024-05-03,bnb,"587,01 $",1456070.0
2024-05-04, ETH,"3 117,58 $",2656945.0
2024-05-04,ADA,"0,46 $",530075834.0
2024-05-04,BNB,"585,85 $",993901.0
2024-05-04,BTC,"63 891,47 $",322742.0
2024-05-04,DOGE,"0,16 $",17428814989.0
2024-05-04,SOL,"146,14 $",20872390.0
2024-05-04,Xrp ,"0,53 $",1294086597.0
2024-05-05,ADA,"0,46 $",522982209.0
2024-05-05,DOGE,"0,16 $",9355987566.0
2024-05-05,SOL,"145,71 $",13964398.0
2024-05-05,XRP,"0,53 $",1011326886.0
2024-05-05,bnb,"592,14 $",897054.0
2024-05-05,btc,"64 031,13 $",285739.0
2024-05-05,eth,"3 137,25 $",2799729.0
2024-05-06,ADA,"0,45 $",772977319.0
2024-05-06,BNB,"588,48 $",2586886.0
2024-05-06,BTC,"63 161,95 $",454355.0
2024-05-06,DOGE,"0,16 $",11159553175.0
2024-05-06,ETH,"3 062,73 $",4247385.0
2024-05-06,SOL,"152,80 $",19154823.0
2024-05-06,XRP,"0,54 $",3282580527.0
2024-05-07,ADA,"0,44 $",695848837.0
2024-05-07,BNB,"577,49 $",2659247.0
2024-05-07,BTC,"62 334,82 $",415991.0
2024-05-07,DOGE,"0,15 $",7590182829.0
2024-05-07,ETH,"3 006,58 $",3905833.0
2024-05-07,SOL,"148,13 $",18143121.0
2024-05-07,XRP,"0,52 $",2159129524.0
2024-05-08,ADA,"0,45 $",1116073964.0
2024-05-08,BNB,"588,20 $",2725685.0
2024-05-08,Btc ,"61 187,94 $",426361.0
2024-05-08,DOGE,"0,14 $",8093668770.0
2024-05-08,Eth ,"2 973,66 $",3965374.0
2024-05-08,SOL,"142,29 $",17584892.0
2024-05-08,xrp,"0,52 $",2169574516.0
2024-05-09,ADA,"0,46 $",686960478.0
2024-05-09,BNB,"596,03 $",3183250.0
2024-05-09,Btc ,"63 049,96 $",403701.0
2024-05-09,DOGE,"0,15 $",7188333401.0
2024-05-09,ETH,"3 036,02 $",3577692.0
2024-05-09,SOL,"152,85 $",14719428.0
2024-05-09,XRP,"0,52 $",1877073112.0
2024-05-10,ADA,"0,45 $",
2024-05-10,BNB,"585,62 $",2598447.0
2024-05-10,BTC,"60 792,78 $",457373.0
2024-05-10,DOGE,"0,14 $",
2024-05-10,ETH,"2 909,79 $",4219771.0
2024-05-10,SOL,"146,22 $",16903615.0
2024-05-10,XRP,"0,50 $",2190458695.0
2024-05-11, SOL,"145,31 $",8559040.0
2024-05-11, XRP,"0,51 $",885404814.0
2024-05-11,ADA,"0,44 $",429470303.0
2024-05-11,BTC,"60 793,71 $",227693.0
2024-05-11,DOGE,"0,14 $",3732870641.0
2024-05-11,ETH,"2 911,60 $",2334081.0
2024-05-11,bnb,"592,03 $",2252701.0
2024-05-12,ADA,"0,44 $",361322941.0
2024-05-12,BNB,"594,42 $",2147743.0
2024-05-12,BTC,"61 448,39 $",224586.0
2024-05-12,DOGE,"0,14 $",4256204107.0
2024-05-12,ETH,"2 928,70 $",2017597.0
2024-05-12,SOL,"143,52 $",6526512.0
2024-05-12,XRP,"0,50 $",794888321.0
2024-05-13, XRP,"0,50 $",1963798456.0
2024-05-13,ADA,"0,44 $",867672908.0
2024-05-13,BNB,"591,61 $",2765636.0
2024-05-13,Btc ,"62 901,45 $",443379.0
2024-05-13,Doge ,"0,15 $",12927198721.0
2024-05-13,SOL,"147,28 $",17356160.0
2024-05-13,eth,"2 949,36 $",4527174.0
2024-05-14, DOGE,"0,15 $",13060840147.0
2024-05-14,ADA,"0,43 $",732207051.0
2024-05-14,Bnb ,"566,71 $",3430455.0
2024-05-14,ETH,"2 881,16 $",4319276.0
2024-05-14,SOL,"142,03 $",18208542.0
2024-05-14,XRP,"0,50 $",2155397991.0
2024-05-14,btc,"61 552,79 $",457920.0
2024-05-15, SOL,"158,19 $",22667599.0
2024-05-15,ADA,"0,45 $",789094927.0
2024-05-15,BNB,"582,07 $",
2024-05-15,BTC,"66 267,49 $",600825.0
2024-05-15,DOGE,"0,16 $",11365529718.0
2024-05-15,ETH,"3 037,06 $",4829315.0
2024-05-15,XRP,"0,52 $",2154316066.0
2024-05-16, SOL,"159,12 $",21985614.0
2024-05-16,ADA,"0,46 $",799361281.0
2024-05-16,BNB,"569,19 $",3358916.0
2024-05-16,BTC,"65 231,58 $",484015.0
2024-05-16,DOGE,"0,15 $",9182647662.0
2024-05-16,ETH,"2 945,13 $",4426107.0
2024-05-16,XRP,"0,52 $",2234278488.0
2024-05-17, ETH,"3 094,12 $",4669969.0
2024-05-17,BNB,"581,18 $",2679272.0
2024-05-17,BTC,"67 051,88 $",418054.0
2024-05-17,DOGE,"0,16 $",7153261980.0
2024-05-17,SOL,"169,53 $",19886421.0
2024-05-17,XRP,"0,52 $",1938205273.0
2024-05-17,ada,"0,48 $",928655843.0
2024-05-18,ADA,"0,48 $",497662575.0
2024-05-18,BNB,"580,48 $",2340709.0
2024-05-18,BTC,"66 940,80 $",
2024-05-18,ETH,"3 122,95 $",3012233.0
2024-05-18,SOL,"172,54 $",14371566.0
2024-05-18,Xrp ,"0,52 $",952934857.0
2024-05-18,doge,"0,15 $",5038389719.0
2024-05-19, BNB,"574,63 $",2260382.0
2024-05-19, ETH,"3 071,84 $",2847737.0
2024-05-19,Ada ,"0,47 $",535335579.0
2024-05-19,BTC,"66 278,37 $",290428.0
2024-05-19,Doge ,"0,15 $",5274449397.0
2024-05-19,XRP,"0,51 $",1104481465.0
2024-05-19,sol,"170,09 $",13522618.0
2024-05-20,ADA,"0,50 $",1078447822.0
2024-05-20,BNB,"600,62 $",3572093.0
2024-05-20,BTC,"71 448,20 $",613741.0
2024-05-20,DOGE,"0,17 $",9127059367.0
2024-05-20,Eth ,"3 663,86 $",8523301.0
2024-05-20,SOL,"186,52 $",24859814.0
2024-05-20,XRP,"0,54 $",2608629739.0
2024-05-21,ADA,"0,49 $",1120336345.0
2024-05-21,BNB,"618,42 $",5764665.0
2024-05-21,BTC,"70 136,53 $",669152.0
2024-05-21,Doge ,"0,17 $",16380004473.0
2024-05-21,ETH,"3 789,31 $",9934217.0
2024-05-21,SOL,"178,12 $",
2024-05-21,XRP,"0,54 $",3681726372.0
2024-05-22,ADA,"0,48 $",862052541.0
2024-05-22,BTC,"69 122,34 $",474558.0
2024-05-22,ETH,"3 737,22 $",6731160.0
2024-05-22,SOL,"176,86 $",21676703.0
2024-05-22,bnb,"614,67 $",3479151.0
2024-05-22,doge,"0,17 $",11906899743.0
2024-05-22,xrp,"0,53 $",2289871525.0
2024-05-22,xrp,"0,53 $",2289871525.0
2024-05-23,ADA,"0,47 $",1316753267.0
2024-05-23,BNB,"598,67 $",4395682.0
2024-05-23,BTC,"67 929,56 $",616752.0
2024-05-23,DOGE,"0,16 $",14059005112.0
2024-05-23,ETH,"3 776,93 $",12079570.0
2024-05-23,SOL,"175,99 $",29077684.0
2024-05-23,XRP,"0,53 $",4142753868.0
2024-05-24,ADA,"0,46 $",773474252.0
2024-05-24,ADA,"0,46 $",773474252.0
2024-05-24,BNB,"600,23 $",2962688.0
2024-05-24,Btc ,"68 526,10 $",426076.0
2024-05-24,DOGE,"0,16 $",18392602293.0
2024-05-24,ETH,"3 726,93 $",5971949.0
2024-05-24,XRP,"0,54 $",2300091307.0
2024-05-24,sol,"167,80 $",23918806.0
2024-05-25, BTC,"69 265,95 $",223386.0
2024-05-25,ADA,"0,46 $",516102260.0
2024-05-25,BNB,"602,19 $",2312209.0
2024-05-25,DOGE,"0,17 $",8562787351.0
2024-05-25,ETH,"3 749,24 $",2667217.0
2024-05-25,SOL,"168,44 $",11132938.0
2024-05-25,XRP,"0,54 $",1204630196.0
2024-05-26,Ada ,"0,46 $",492251970.0
2024-05-26,BNB,"599,83 $",2288426.0
2024-05-26,BTC,"68 518,09 $",
2024-05-26,DOGE,"0,17 $",8178380505.0
2024-05-26,ETH,"3 825,90 $",3829375.0
2024-05-26,Sol ,"163,35 $",15573109.0
2024-05-26,XRP,"0,53 $",1097326223.0
2024-05-27,Ada ,"0,47 $",690875676.0
2024-05-27,BNB,"603,53 $",2802966.0
2024-05-27,DOGE,"0,17 $",8308443361.0
2024-05-27,ETH,"3 892,01 $",4868743.0
2024-05-27,Sol ,"170,00 $",16150017.0
2024-05-27,XRP,"0,53 $",1898362113.0
2024-05-27,btc,"69 394,55 $",372810.0
2024-05-28,ADA,"0,46 $",915981690.0
2024-05-28,BNB,"601,21 $",3080986.0
2024-05-28,Btc ,"68 296,22 $",479123.0
2024-05-28,DOGE,"0,17 $",8548775748.0
2024-05-28,ETH,"3 840,26 $",5167896.0
2024-05-28,SOL,"168,65 $",19817766.0
2024-05-28,XRP,"0,53 $",2160934655.0
2024-05-29, ETH,"3 763,20 $",4626763.0
2024-05-29,ADA,"0,45 $",777131967.0
2024-05-29,BTC,"67 578,09 $",395203.0
2024-05-29,Bnb ,"594,97 $",2760965.0
2024-05-29,SOL,"168,07 $",16971802.0
2024-05-29,XRP,"0,52 $",2263593145.0
2024-05-29,doge,"0,16 $",9320190986.0
2024-05-30, ADA,"0,45 $",797508108.0
2024-05-30, DOGE,"0,16 $",9102304721.0
2024-05-30,BNB,"595,03 $",2920078.0
2024-05-30,Btc ,"68 364,99 $",431649.0
2024-05-30,ETH,"3 746,85 $",4020938.0
2024-05-30,SOL,"166,98 $",17561251.0
2024-05-30,SOL,"166,98 $",17561251.0
2024-05-30,XRP,"0,52 $",2562284465.0
2024-05-31,ADA,"0,45 $",650141894.0
2024-05-31,BNB,"593,52 $",2679511.0
2024-05-31,Doge ,"0,16 $",5944409399.0
2024-05-31,Eth ,"3 760,03 $",4066647.0
2024-05-31,XRP,"0,52 $",2356724408.0
2024-05-31,btc,"67 491,41 $",405789.0
2024-05-31,sol,"165,64 $",14585569.0
2024-06-01, ADA,"0,45 $",373172858.0
2024-06-01,BNB,"601,30 $",2527963.0
2024-06-01,BTC,"67 706,94 $",171939.0
2024-06-01,DOGE,"0,16 $",3096352082.0
2024-06-01,ETH,"3 813,20 $",2271328.0
2024-06-01,SOL,"166,03 $",6377556.0
2024-06-01,XRP,"0,52 $",1079890225.0
2024-06-02, BNB,"603,03 $",2764777.0
2024-06-02,ADA,"0,45 $",566848725.0
2024-06-02,Btc ,"67 751,60 $",252549.0
2024-06-02,Doge ,"0,16 $",3726161239.0
2024-06-02,ETH,"3 780,90 $",2942928.0
2024-06-02,SOL,"163,25 $",9569800.0
2024-06-02,XRP,"0,51 $",1438715054.0
2024-06-03, ETH,"3 766,39 $",3738980.0
2024-06-03,ADA,"0,46 $",694083201.0
2024-06-03,BNB,"626,43 $",4712572.0
2024-06-03,BTC,"68 804,78 $",470916.0
2024-06-03,Doge ,"0,16 $",5875509032.0
2024-06-03,SOL,"164,92 $",13233336.0
2024-06-03,xrp,"0,52 $",2112366720.0
2024-06-04,ADA,"0,46 $",669942163.0
2024-06-04,BNB,"686,20 $",4979580.0
2024-06-04,BTC,"70 567,77 $",469757.0
2024-06-04,DOGE,"0,16 $",4711848718.0
2024-06-04,ETH,"3 812,52 $",3496770.0
2024-06-04,SOL,"171,80 $",11976341.0
2024-06-04,XRP,"0,53 $",2216213710.0
2024-06-05,ADA,"0,46 $",652333148.0
2024-06-05,BNB,"698,89 $",5009707.0
2024-06-05,BTC,"71 082,82 $",461585.0
2024-06-05,DOGE,"0,16 $",5023762159.0
2024-06-05,ETH,"3 864,26 $",4005950.0
2024-06-05,SOL,"173,48 $",13868263.0
2024-06-05,XRP,"0,53 $",
2024-06-06,ADA,"0,46 $",614520241.0
2024-06-06,BNB,"710,46 $",4219620.0
2024-06-06,BTC,"70 757,16 $",356475.0
2024-06-06,ETH,"3 811,61 $",3569777.0
2024-06-06,SOL,"170,02 $",11560326.0
2024-06-06,XRP,"0,52 $",2289783649.0
2024-06-06,doge,"0,16 $",5576772467.0
2024-06-06,doge,"0,16 $",5576772467.0
2024-06-07, BTC,"69 342,59 $",521878.0
2024-06-07,ADA,"0,45 $",1922178548.0
2024-06-07,BNB,"683,36 $",4371092.0
2024-06-07,DOGE,"0,15 $",10665786811.0
2024-06-07,ETH,"3 678,63 $",4953010.0
2024-06-07,SOL,"162,51 $",20297751.0
2024-06-07,XRP,"0,50 $",4935675016.0
2024-06-08,ADA,"0,44 $",881315200.0
2024-06-08,BTC,"69 305,77 $",205786.0
2024-06-08,DOGE,"0,15 $",5976196191.0
2024-06-08,ETH,"3 680,95 $",2471126.0
2024-06-08,SOL,"157,97 $",10902385.0
2024-06-08,bnb,"682,67 $",2880206.0
2024-06-08,xrp,"0,49 $",1673296287.0
2024-06-09,BNB,"673,32 $",2756782.0
2024-06-09,BTC,"69 647,99 $",194320.0
2024-06-09,DOGE,"0,15 $",4471637790.0
2024-06-09,ETH,"3 705,90 $",2134640.0
2024-06-09,SOL,"162,08 $",9105660.0
2024-06-09,XRP,"0,50 $",1275520750.0
2024-06-09,ada,"0,44 $",747401171.0
2024-06-10, BTC,"69 512,28 $",296317.0
2024-06-10,ADA,"0,44 $",1084090602.0
2024-06-10,BNB,"624,39 $",5100006.0
2024-06-10,Doge ,"0,14 $",5199427111.0
2024-06-10,ETH,"3 666,72 $",2830134.0
2024-06-10,SOL,"158,93 $",11422539.0
2024-06-10,XRP,"0,50 $",2250600012.0
2024-06-11,ADA,"0,42 $",1423732425.0
2024-06-11,BNB,"602,56 $",4322960.0
2024-06-11,BTC,"67 332,03 $",551240.0
2024-06-11,ETH,"3 498,33 $",5483965.0
2024-06-11,SOL,"149,43 $",18822603.0
2024-06-11,XRP,"0,48 $",3158830370.0
2024-06-11,doge,"0,14 $",9210269657.0
2024-06-12,ADA,"0,44 $",1031312144.0
2024-06-12,BNB,"619,19 $",3587798.0
2024-06-12,BTC,"68 241,19 $",505530.0
2024-06-12,DOGE,"0,15 $",8720131020.0
2024-06-12,ETH,"3 559,62 $",4815940.0
2024-06-12,SOL,"155,18 $",18389851.0
2024-06-12,XRP,"0,49 $",2554684779.0
2024-06-13, BNB,"599,52 $",3134516.0
2024-06-13, XRP,"0,48 $",2197167311.0
2024-06-13,ADA,"0,42 $",916104802.0
2024-06-13,BTC,"66 756,40 $",433744.0
2024-06-13,DOGE,"0,14 $",5600479624.0
2024-06-13,ETH,"3 469,28 $",4171579.0
2024-06-13,SOL,"147,31 $",14154063.0
2024-06-14, BTC,"66 011,09 $",415141.0
2024-06-14,Ada ,"0,41 $",900760467.0
2024-06-14,BNB,"603,18 $",3065275.0
2024-06-14,Eth ,"3 480,27 $",4538116.0
2024-06-14,Sol ,"143,09 $",16286160.0
2024-06-14,Xrp ,"0,47 $",2573368181.0
2024-06-14,doge,"0,14 $",6368829514.0
2024-06-15,ADA,"0,41 $",505798596.0
2024-06-15,BNB,"607,80 $",2420240.0
2024-06-15,BNB,"607,80 $",2420240.0
2024-06-15,BTC,"66 191,00 $",213341.0
2024-06-15,ETH,"3 565,55 $",3571301.0
2024-06-15,Sol ,"145,41 $",7326024.0
2024-06-15,XRP,"0,49 $",1570128915.0
2024-06-15,doge,"0,14 $",3486492497.0
2024-06-16,ADA,"0,42 $",415253574.0
2024-06-16,BNB,"610,05 $",2342148.0
2024-06-16,BTC,"66 639,05 $",199300.0
2024-06-16,ETH,"3 620,56 $",2728412.0
2024-06-16,SOL,"151,13 $",7596319.0
2024-06-16,XRP,"0,49 $",1415691795.0
2024-06-16,doge,"0,14 $",2814484489.0
2024-06-17, BTC,"66 490,30 $",451289.0
2024-06-17,BNB,"604,47 $",2973901.0
2024-06-17,BNB,"604,47 $",2973901.0
2024-06-17,DOGE,"0,13 $",7453286420.0
2024-06-17,ETH,"3 511,38 $",5080300.0
2024-06-17,SOL,"143,33 $",15661085.0
2024-06-17,XRP,"0,51 $",4015605594.0
2024-06-17,ada,"0,40 $",960016697.0
2024-06-18,ADA,"0,38 $",1548446127.0
2024-06-18,BNB,"588,70 $",3848305.0
2024-06-18,DOGE,"0,12 $",11561788388.0
2024-06-18,Eth ,"3 483,68 $",6034569.0
2024-06-18,SOL,"137,50 $",29428322.0
2024-06-18,XRP,"0,49 $",
2024-06-18,btc,"65 140,75 $",606092.0
2024-06-19,ADA,"0,38 $",769754406.0
2024-06-19,BNB,"598,77 $",2987623.0
2024-06-19,BTC,"64 960,30 $",324866.0
2024-06-19,DOGE,"0,12 $",5251614319.0
2024-06-19,ETH,"3 559,35 $",4291622.0
2024-06-19,SOL,"135,61 $",16528303.0
2024-06-19,XRP,"0,49 $",2029946119.0
2024-06-20, BNB,"587,11 $",3095588.0
2024-06-20, XRP,"0,49 $",2264892276.0
2024-06-20,ADA,"0,38 $",744856453.0
2024-06-20,BTC,"64 828,66 $",395521.0
2024-06-20,DOGE,"0,12 $",5902633818.0
2024-06-20,ETH,"3 511,09 $",4589782.0
2024-06-20,SOL,"133,47 $",17561146.0
2024-06-21,ADA,"0,38 $",723988195.0
2024-06-21,BNB,"585,91 $",2853860.0
2024-06-21,BTC,"64 096,20 $",408576.0
2024-06-21,DOGE,"0,12 $",4824621727.0
2024-06-21,Eth ,"3 516,08 $",4531573.0
2024-06-21,SOL,"134,59 $",16455382.0
2024-06-21,XRP,"0,49 $",2314905243.0
2024-06-21,XRP,"0,49 $",2314905243.0
2024-06-22,BNB,"590,76 $",2348884.0
2024-06-22,BTC,"64 252,58 $",153429.0
2024-06-22,DOGE,"0,12 $",2654857157.0
2024-06-22,SOL,"133,67 $",7095020.0
2024-06-22,XRP,"0,49 $",936352905.0
2024-06-22,ada,"0,38 $",628272641.0
2024-06-22,eth,"3 494,81 $",2124206.0
2024-06-23,ADA,"0,38 $",532188096.0
2024-06-23,BNB,"577,21 $",2502330.0
2024-06-23,BTC,"63 180,80 $",176802.0
2024-06-23,DOGE,"0,12 $",
2024-06-23,ETH,"3 418,61 $",2754961.0
2024-06-23,SOL,"128,59 $",8273636.0
2024-06-23,XRP,"0,48 $",1044098754.0
2024-06-24,BNB,"567,58 $",3583157.0
2024-06-24,BTC,"60 277,41 $",715892.0
2024-06-24,DOGE,"0,12 $",7989545288.0
2024-06-24,ETH,"3 350,26 $",6906261.0
2024-06-24,SOL,"132,24 $",25864997.0
2024-06-24,Xrp ,"0,47 $",2789361645.0
2024-06-24,ada,"0,38 $",1020099287.0
2024-06-25, DOGE,"0,13 $",6208685545.0
2024-06-25,ADA,"0,39 $",669154720.0
2024-06-25,BNB,"578,10 $",2735519.0
2024-06-25,BTC,"61 804,64 $",472476.0
2024-06-25,ETH,"3 395,03 $",3898507.0
2024-06-25,SOL,"136,56 $",18434430.0
2024-06-25,XRP,"0,48 $",1799554710.0
2024-06-26,Ada ,"0,38 $",671906753.0
2024-06-26,BNB,"572,40 $",2686621.0
2024-06-26,DOGE,"0,12 $",4289869243.0
2024-06-26,ETH,"3 369,48 $",3470584.0
2024-06-26,SOL,"136,61 $",12224940.0
2024-06-26,btc,"60 811,28 $",370096.0
2024-06-26,xrp,"0,47 $",1886847044.0
2024-06-27, DOGE,"0,13 $",4861144683.0
2024-06-27, ETH,"3 444,80 $",3417276.0
2024-06-27,ADA,"0,39 $",652218279.0
2024-06-27,BNB,"580,80 $",2857065.0
2024-06-27,BTC,"61 604,80 $",344644.0
2024-06-27,SOL,"149,45 $",18947357.0
2024-06-27,XRP,"0,47 $",1770966893.0
2024-06-28,ADA,"0,39 $",770099795.0
2024-06-28,BTC,"60 320,14 $",413674.0
2024-06-28,DOGE,"0,12 $",5169543385.0
2024-06-28,ETH,"3 373,64 $",3812254.0
2024-06-28,SOL,"139,70 $",17151127.0
2024-06-28,XRP,"0,47 $",1990134640.0
2024-06-28,bnb,"566,46 $",2857370.0
2024-06-29,BNB,"569,13 $",2416128.0
2024-06-29,BTC,"60 887,38 $",207808.0
2024-06-29,ETH,"3 372,97 $",1952225.0
2024-06-29,ETH,"3 372,97 $",1952225.0
2024-06-29,SOL,"140,01 $",8135597.0
2024-06-29,XRP,"0,47 $",853218692.0
2024-06-29,ada,"0,38 $",600491718.0
2024-06-29,doge,"0,12 $",2345057748.0
2024-06-30,ADA,"0,39 $",496736216.0
2024-06-30,BNB,"581,77 $",2689505.0
2024-06-30,BTC,"62 678,29 $",276543.0
2024-06-30,DOGE,"0,12 $",2969846964.0
2024-06-30,SOL,"146,49 $",10702541.0
2024-06-30,XRP,"0,48 $",978849456.0
2024-06-30,eth,"3 432,89 $",2445874.0
2024-07-01,ADA,"0,40 $",636811515.0
2024-07-01,BTC,"62 851,98 $",405212.0
2024-07-01,DOGE,"0,12 $",3666286515.0
2024-07-01,ETH,"3 440,34 $",3569864.0
2024-07-01,XRP,"0,48 $",1706843883.0
2024-07-01,bnb,"576,69 $",2798527.0
2024-07-01,sol,"146,60 $",12378719.0
2024-07-02,ADA,"0,42 $",624306420.0
2024-07-02,BTC,"62 029,02 $",324874.0
2024-07-02,Doge ,"0,12 $",3264092120.0
2024-07-02,ETH,"3 416,35 $",2757839.0
2024-07-02,Sol ,"153,70 $",13173501.0
2024-07-02,XRP,"0,48 $",1743034061.0
2024-07-02,bnb,"578,98 $",2639197.0
2024-07-03, BNB,"556,58 $",3119345.0
2024-07-03,Ada ,"0,41 $",963358399.0
2024-07-03,BTC,"60 173,92 $",494512.0
2024-07-03,DOGE,"0,12 $",5551417155.0
2024-07-03,ETH,"3 292,92 $",4895758.0
2024-07-03,SOL,"140,73 $",19991410.0
2024-07-03,XRP,"0,47 $",2732502299.0
2024-07-04, ADA,"0,36 $",1587106394.0
2024-07-04,BNB,"513,99 $",4001883.0
2024-07-04,BTC,"56 977,70 $",722205.0
2024-07-04,DOGE,"0,10 $",11813887170.0
2024-07-04,ETH,"3 054,52 $",6630338.0
2024-07-04,XRP,"0,43 $",3508590138.0
2024-07-04,sol,"127,55 $",25431606.0
2024-07-05,Ada ,"0,35 $",2208589639.0
2024-07-05,BNB,"498,00 $",5754628.0
2024-07-05,BTC,"56 662,38 $",978031.0
2024-07-05,DOGE,"0,11 $",16191172333.0
2024-07-05,ETH,"2 981,60 $",10441359.0
2024-07-05,SOL,"134,37 $",34561725.0
2024-07-05,XRP,"0,43 $",5058948931.0
2024-07-06, ADA,"0,37 $",777063976.0
2024-07-06,BNB,"527,67 $",3040981.0
2024-07-06,BTC,"58 303,54 $",353500.0
2024-07-06,DOGE,"0,11 $",7417331543.0
2024-07-06,ETH,"3 069,38 $",3774802.0
2024-07-06,SOL,"143,24 $",14510742.0
2024-07-06,XRP,"0,45 $",1611302367.0
2024-07-07,ADA,"0,35 $",735648003.0
2024-07-07,BNB,"490,61 $",3384137.0
2024-07-07,BTC,"55 849,11 $",368016.0
2024-07-07,DOGE,"0,10 $",6150041305.0
2024-07-07,Eth ,"2 929,39 $",3706559.0
2024-07-07,SOL,"131,77 $",13982378.0
2024-07-07,XRP,"0,42 $",1806162181.0
2024-07-08, XRP,"0,43 $",3563334319.0
2024-07-08,ADA,"0,37 $",1371636329.0
2024-07-08,BNB,"510,61 $",4514190.0
2024-07-08,BTC,"56 705,10 $",701280.0
2024-07-08,DOGE,"0,11 $",9510220662.0
2024-07-08,ETH,"3 018,73 $",7495656.0
2024-07-08,SOL,"139,46 $",26475740.0
2024-07-09,ADA,"0,38 $",726791561.0
2024-07-09,BNB,"516,57 $",3070729.0
2024-07-09,DOGE,"0,11 $",5327104599.0
2024-07-09,ETH,"3 064,03 $",4983610.0
2024-07-09,SOL,"141,35 $",17112312.0
2024-07-09,Xrp ,"0,44 $",
2024-07-09,btc,"58 009,23 $",480088.0
2024-07-10,ADA,"0,39 $",645945014.0
2024-07-10,BTC,"57 742,50 $",453310.0
2024-07-10,Bnb ,"524,52 $",3036409.0
2024-07-10,Doge ,"0,11 $",5110904841.0
2024-07-10,Eth ,"3 102,22 $",4699436.0
2024-07-10,SOL,"141,97 $",13750835.0
2024-07-10,XRP,"0,44 $",2203732081.0
2024-07-11,ADA,"0,40 $",791497492.0
2024-07-11,BTC,"57 344,91 $",500616.0
2024-07-11,Bnb ,"525,14 $",3209984.0
2024-07-11,DOGE,"0,11 $",5119710829.0
2024-07-11,ETH,"3 100,33 $",4912410.0
2024-07-11,Sol ,"135,88 $",16829826.0
2024-07-11,XRP,"0,45 $",2454155964.0
2024-07-12, BTC,"57 899,46 $",
2024-07-12, SOL,"139,53 $",14263612.0
2024-07-12,ADA,"0,42 $",850215017.0
2024-07-12,BNB,"533,76 $",2998000.0
2024-07-12,DOGE,"0,11 $",
2024-07-12,XRP,"0,47 $",3362730761.0
2024-07-12,eth,"3 134,16 $",4068600.0
2024-07-13, ETH,"3 177,20 $",
2024-07-13,ADA,"0,44 $",828462692.0
2024-07-13,BNB,"532,35 $",2697774.0
2024-07-13,BTC,"59 231,95 $",288359.0
2024-07-13,DOGE,"0,11 $",4427431241.0
2024-07-13,Sol ,"141,93 $",7972652.0
2024-07-13,XRP,"0,53 $",5428273919.0
2024-07-14,ADA,"0,43 $",822376459.0
2024-07-14,BTC,"60 787,79 $",365590.0
2024-07-14,DOGE,"0,12 $",4779324975.0
2024-07-14,ETH,"3 244,08 $",3242125.0
2024-07-14,XRP,"0,52 $",3003225624.0
2024-07-14,bnb,"544,82 $",2728993.0
2024-07-14,sol,"147,62 $",13611049.0
2024-07-15,ADA,"0,45 $",1046883044.0
2024-07-15,BNB,"586,14 $",3444705.0
2024-07-15,BTC,"64 870,15 $",587243.0
2024-07-15,Doge ,"0,13 $",6910074022.0
2024-07-15,SOL,"159,93 $",16135555.0
2024-07-15,eth,"3 489,55 $",5245798.0
2024-07-15,xrp,"0,54 $",3272791004.0
2024-07-16,Ada ,"0,44 $",1108861225.0
2024-07-16,BNB,"576,58 $",3612149.0
2024-07-16,BTC,"65 097,15 $",639311.0
2024-07-16,DOGE,"0,12 $",8191916166.0
2024-07-16,ETH,"3 443,51 $",5937733.0
2024-07-16,XRP,"0,58 $",5835005978.0
2024-07-16,sol,"160,55 $",18898781.0
2024-07-17, BTC,"64 118,79 $",507263.0
2024-07-17,ADA,"0,44 $",890714487.0
2024-07-17,BNB,"568,91 $",3058357.0
2024-07-17,Doge ,"0,12 $",5997711072.0
2024-07-17,ETH,"3 388,75 $",4939613.0
2024-07-17,SOL,"155,58 $",14497963.0
2024-07-17,XRP,"0,63 $",5919134930.0
2024-07-18,ADA,"0,42 $",797732281.0
2024-07-18,BNB,"571,95 $",2861806.0
2024-07-18,BTC,"63 974,07 $",425787.0
2024-07-18,DOGE,"0,12 $",5942295670.0
2024-07-18,ETH,"3 426,26 $",4388350.0
2024-07-18,SOL,"159,07 $",12853211.0
2024-07-18,XRP,"0,57 $",5243763857.0
2024-07-19,ADA,"0,44 $",775323254.0
2024-07-19,BNB,"593,70 $",3457927.0
2024-07-19,BTC,"66 710,16 $",554696.0
2024-07-19,DOGE,"0,13 $",5772628554.0
2024-07-19,ETH,"3 505,73 $",5050476.0
2024-07-19,SOL,"169,19 $",21378912.0
2024-07-19,Xrp ,"0,57 $",4078722361.0
2024-07-20, BNB,"593,57 $",
2024-07-20,BTC,"67 163,65 $",283332.0
2024-07-20,DOGE,"0,13 $",8253511592.0
2024-07-20,ETH,"3 519,30 $",2943827.0
2024-07-20,SOL,"173,89 $",10975079.0
2024-07-20,XRP,"0,59 $",2586994275.0
2024-07-20,ada,"0,44 $",571489783.0
2024-07-21,ADA,"0,45 $",748449163.0
2024-07-21,BNB,"601,85 $",3015843.0
2024-07-21,BTC,"68 154,52 $",391055.0
2024-07-21,DOGE,"0,14 $",8772735026.0
2024-07-21,Eth ,"3 536,61 $",3915029.0
2024-07-21,SOL,"184,54 $",16692457.0
2024-07-21,XRP,"0,60 $",2492986712.0
2024-07-22,ADA,"0,43 $",1280532363.0
2024-07-22,BNB,"587,92 $",3377239.0
2024-07-22,Btc ,"67 585,25 $",631042.0
2024-07-22,Doge ,"0,14 $",10649718779.0
2024-07-22,ETH,"3 440,42 $",5442126.0
2024-07-22,SOL,"178,98 $",15691899.0
2024-07-22,XRP,"0,61 $",3377220678.0
2024-07-23,ADA,"0,41 $",849980342.0
2024-07-23,BNB,"582,10 $",3159762.0
2024-07-23,BTC,"65 927,67 $",540072.0
2024-07-23,DOGE,"0,13 $",7388272936.0
2024-07-23,Eth ,"3 482,00 $",7027121.0
2024-07-23,SOL,"172,76 $",18698755.0
2024-07-23,XRP,"0,60 $",2774581565.0
2024-07-24,ADA,"0,41 $",825395849.0
2024-07-24,BTC,"65 372,13 $",420224.0
2024-07-24,ETH,"3 336,34 $",4807948.0
2024-07-24,SOL,"178,03 $",17480956.0
2024-07-24,XRP,"0,62 $",3123708016.0
2024-07-24,bnb,"574,58 $",2787623.0
2024-07-24,doge,"0,13 $",5737303289.0
2024-07-25,ADA,"0,39 $",910985153.0
2024-07-25,BNB,"570,71 $",3496275.0
2024-07-25,Btc ,"65 777,23 $",582508.0
2024-07-25,DOGE,"0,13 $",7749663729.0
2024-07-25,ETH,"3 174,43 $",7967971.0
2024-07-25,SOL,"171,96 $",23651512.0
2024-07-25,XRP,"0,60 $",3845935446.0
2024-07-26,ADA,"0,42 $",635265892.0
2024-07-26,BNB,"581,08 $",2866612.0
2024-07-26,Btc ,"67 912,06 $",448943.0
2024-07-26,DOGE,"0,13 $",5603148208.0
2024-07-26,ETH,"3 275,95 $",4882213.0
2024-07-26,SOL,"183,14 $",15378205.0
2024-07-26,XRP,"0,60 $",2294187342.0
2024-07-27,ADA,"0,42 $",1028609192.0
2024-07-27,BTC,"67 813,34 $",511579.0
2024-07-27,Sol ,"184,09 $",17648880.0
2024-07-27,XRP,"0,60 $",1689012490.0
2024-07-27,bnb,"581,59 $",3026219.0
2024-07-27,doge,"0,13 $",9066453365.0
2024-07-27,eth,"3 247,61 $",4679824.0
2024-07-28, SOL,"184,89 $",10019006.0
2024-07-28,ADA,"0,41 $",641787442.0
2024-07-28,BNB,"584,10 $",2506497.0
2024-07-28,BTC,"68 255,87 $",264346.0
2024-07-28,Doge ,"0,13 $",5806602598.0
2024-07-28,ETH,"3 271,46 $",2738601.0
2024-07-28,XRP,"0,60 $",1521777245.0
2024-07-29, BTC,"66 819,91 $",610307.0
2024-07-29,ADA,"0,40 $",813422906.0
2024-07-29,BNB,"574,64 $",3177381.0
2024-07-29,ETH,"3 320,54 $",5521649.0
2024-07-29,Sol ,"182,78 $",19992847.0
2024-07-29,doge,"0,13 $",6289801761.0
2024-07-29,xrp,"0,60 $",1957247712.0
2024-07-30,BNB,"587,67 $",3082804.0
2024-07-30,DOGE,"0,13 $",5080794410.0
2024-07-30,ETH,"3 278,67 $",4283988.0
2024-07-30,SOL,"179,11 $",15444231.0
2024-07-30,XRP,"0,63 $",3499898339.0
2024-07-30,ada,"0,40 $",691648360.0
2024-07-30,btc,"66 201,02 $",474018.0
2024-07-31,ADA,"0,39 $",725700731.0
2024-07-31,BNB,"576,37 $",3120559.0
2024-07-31,BTC,"64 619,25 $",484264.0
2024-07-31,Doge ,"0,12 $",4997804874.0
2024-07-31,Eth ,"3 231,30 $",4993471.0
2024-07-31,Sol ,"171,83 $",17780787.0
2024-07-31,XRP,"0,62 $",3877017608.0
2024-08-01,ADA,"0,39 $",886318584.0
2024-08-01,BNB,"575,15 $",3555997.0
2024-08-01,BTC,"65 357,50 $",626945.0
2024-08-01,DOGE,"0,12 $",7221639311.0
2024-08-01,ETH,"3 201,56 $",6314925.0
2024-08-01,SOL,"167,67 $",26258559.0
2024-08-01,XRP,"0,60 $",3337341374.0
2024-08-02,ADA,"0,36 $",1074955329.0
2024-08-02,BTC,"61 415,07 $",701145.0
2024-08-02,Doge ,"0,11 $",7413997757.0
2024-08-02,ETH,"2 986,01 $",7166828.0
2024-08-02,SOL,"152,64 $",29530748.0
2024-08-02,XRP,"0,56 $",3359953571.0
2024-08-02,bnb,"542,92 $",3798638.0
2024-08-03, DOGE,"0,11 $",7472006715.0
2024-08-03, SOL,"142,92 $",25332186.0
2024-08-03,BNB,"529,48 $",3450009.0
2024-08-03,BTC,"60 680,09 $",523286.0
2024-08-03,ETH,"2 903,39 $",6145960.0
2024-08-03,XRP,"0,56 $",2382724363.0
2024-08-03,ada,"0,36 $",849788926.0
2024-08-04, SOL,"138,06 $",31390342.0
2024-08-04,ADA,"0,34 $",924319602.0
2024-08-04,BNB,"497,04 $",3983911.0
2024-08-04,Btc ,"58 116,98 $",546465.0
2024-08-04,DOGE,"0,10 $",7975504506.0
2024-08-04,ETH,"2 686,40 $",7869122.0
2024-08-04,XRP,"0,52 $",2311697756.0
2024-08-05, BNB,"464,63 $",10122412.0
2024-08-05, ETH,"2 417,21 $",27994355.0
2024-08-05,ADA,"0,31 $",3869631392.0
2024-08-05,DOGE,"0,09 $",33798178229.0
2024-08-05,SOL,"129,86 $",108685055.0
2024-08-05,XRP,"0,49 $",8568304549.0
2024-08-05,btc,"53 991,46 $",2018673.0
2024-08-06,ADA,"0,33 $",1214441313.0
2024-08-06,BNB,"484,32 $",4310505.0
2024-08-06,BTC,"56 034,32 $",879827.0
2024-08-06,ETH,"2 458,72 $",10591672.0
2024-08-06,SOL,"144,09 $",40345930.0
2024-08-06,XRP,"0,51 $",3455675139.0
2024-08-06,doge,"0,10 $",11665017068.0
2024-08-07, SOL,"144,63 $",38233045.0
2024-08-07,ADA,"0,32 $",1071354475.0
2024-08-07,BTC,"55 027,46 $",756669.0
2024-08-07,Bnb ,"474,22 $",3971113.0
2024-08-07,Bnb ,"474,22 $",3971113.0
2024-08-07,DOGE,"0,10 $",10470976932.0
2024-08-07,ETH,"2 336,59 $",10384460.0
2024-08-07,XRP,"0,60 $",7134345280.0
2024-08-08, ETH,"2 683,35 $",8745884.0
2024-08-08,ADA,"0,35 $",928398660.0
2024-08-08,BNB,"517,34 $",3460189.0
2024-08-08,BTC,"61 710,14 $",734052.0
2024-08-08,DOGE,"0,11 $",7988672308.0
2024-08-08,SOL,"162,93 $",33054798.0
2024-08-08,XRP,"0,62 $",5671648344.0
2024-08-09, SOL,"156,46 $",20567393.0
2024-08-09,ADA,"0,35 $",791484060.0
2024-08-09,BNB,"509,18 $",3074526.0
2024-08-09,DOGE,"0,10 $",5794239975.0
2024-08-09,ETH,"2 599,60 $",6888426.0
2024-08-09,XRP,"0,58 $",
2024-08-09,btc,"60 880,11 $",549039.0
2024-08-10, ADA,"0,35 $",447934708.0
2024-08-10,BNB,"523,32 $",2665111.0
2024-08-10,BTC,"60 945,81 $",258358.0
2024-08-10,DOGE,"0,11 $",3529094362.0
2024-08-10,ETH,"2 610,02 $",3586564.0
2024-08-10,SOL,"153,96 $",10801442.0
2024-08-10,XRP,"0,59 $",1936638113.0
2024-08-11,ADA,"0,33 $",619371833.0
2024-08-11,BNB,"503,80 $",3102507.0
2024-08-11,BTC,"58 719,48 $",387601.0
2024-08-11,DOGE,"0,10 $",6731343175.0
2024-08-11,ETH,"2 553,25 $",5324755.0
2024-08-11,SOL,"141,53 $",17041048.0
2024-08-11,XRP,"0,55 $",2175139509.0
2024-08-12,BTC,"59 354,52 $",624698.0
2024-08-12,DOGE,"0,11 $",7226576116.0
2024-08-12,ETH,"2 724,43 $",7947745.0
2024-08-12,ETH,"2 724,43 $",7947745.0
2024-08-12,SOL,"146,45 $",23080072.0
2024-08-12,Xrp ,"0,57 $",2601658918.0
2024-08-12,ada,"0,34 $",814647854.0
2024-08-12,bnb,"518,54 $",3444820.0
2024-08-13, SOL,"146,71 $",15162208.0
2024-08-13,ADA,"0,34 $",613070841.0
2024-08-13,BNB,"524,13 $",3354103.0
2024-08-13,BTC,"60 609,57 $",500378.0
2024-08-13,DOGE,"0,11 $",5408076912.0
2024-08-13,ETH,"2 703,67 $",6059557.0
2024-08-13,XRP,"0,58 $",2161516925.0
2024-08-14, ADA,"0,34 $",615886738.0
2024-08-14,Bnb ,"524,02 $",3061744.0
2024-08-14,Btc ,"58 737,27 $",510097.0
2024-08-14,ETH,"2 662,91 $",5942873.0
2024-08-14,SOL,"143,92 $",18860974.0
2024-08-14,doge,"0,10 $",5508688108.0
2024-08-14,xrp,"0,57 $",2000326469.0
2024-08-15,ADA,"0,33 $",747619040.0
2024-08-15,BNB,"519,87 $",3166053.0
2024-08-15,BTC,"57 560,10 $",619911.0
2024-08-15,DOGE,"0,10 $",6153917141.0
2024-08-15,Eth ,"2 570,09 $",6360017.0
2024-08-15,SOL,"142,75 $",21245949.0
2024-08-15,Xrp ,"0,56 $",2073720897.0
2024-08-16,ADA,"0,33 $",1009530619.0
2024-08-16,BNB,"519,97 $",2959681.0
2024-08-16,BTC,"58 894,11 $",498368.0
2024-08-16,DOGE,"0,10 $",5372508182.0
2024-08-16,Eth ,"2 593,19 $",5119401.0
2024-08-16,SOL,"139,33 $",19433033.0
2024-08-16,XRP,"0,56 $",1809009190.0
2024-08-17,ADA,"0,34 $",488527334.0
2024-08-17,BTC,"59 478,97 $",228479.0
2024-08-17,Bnb ,"542,23 $",2866245.0
2024-08-17,DOGE,"0,10 $",2973532432.0
2024-08-17,ETH,"2 614,55 $",2553624.0
2024-08-17,SOL,"141,80 $",8460611.0
2024-08-17,SOL,"141,80 $",8460611.0
2024-08-17,XRP,"0,57 $",850583167.0
2024-08-18, SOL,"142,59 $",13088438.0
2024-08-18,ADA,"0,33 $",441163528.0
2024-08-18,BNB,"531,61 $",2743031.0
2024-08-18,BTC,"58 483,96 $",303342.0
2024-08-18,DOGE,"0,10 $",3769820878.0
2024-08-18,ETH,"2 613,36 $",3523157.0
2024-08-18,xrp,"0,56 $",1123733911.0
2024-08-19, DOGE,"0,10 $",4563852833.0
2024-08-19,ADA,"0,34 $",611570657.0
2024-08-19,BNB,"559,82 $",3075489.0
2024-08-19,BTC,"59 493,45 $",435530.0
2024-08-19,ETH,"2 637,31 $",4538329.0
2024-08-19,Sol ,"144,34 $",14393076.0
2024-08-19,Xrp ,"0,60 $",2659994637.0
2024-08-20, DOGE,"0,10 $",6748373629.0
2024-08-20,ADA,"0,34 $",677400684.0
2024-08-20,BNB,"569,27 $",3622824.0
2024-08-20,BTC,"59 012,79 $",535704.0
2024-08-20,XRP,"0,59 $",2145249337.0
2024-08-20,eth,"2 573,11 $",5149216.0
2024-08-20,sol,"143,17 $",14838488.0
2024-08-21,ADA,"0,37 $",1002373026.0
2024-08-21,BTC,"61 175,19 $",535040.0
2024-08-21,DOGE,"0,11 $",4803578601.0
2024-08-21,Eth ,"2 631,40 $",4851424.0
2024-08-21,SOL,"142,71 $",13476734.0
2024-08-21,XRP,"0,60 $",1974309459.0
2024-08-21,bnb,"570,02 $",3311169.0
2024-08-22, ETH,"2 622,95 $",4088250.0
2024-08-22,ADA,"0,38 $",672503394.0
2024-08-22,BNB,"583,05 $",3427473.0
2024-08-22,BTC,"60 381,91 $",457517.0
2024-08-22,DOGE,"0,11 $",3719472900.0
2024-08-22,SOL,"143,26 $",9552007.0
2024-08-22,XRP,"0,60 $",1579102419.0
2024-08-23,ADA,"0,39 $",921278849.0
2024-08-23,BNB,"591,81 $",3442494.0
2024-08-23,BTC,"64 094,36 $",663561.0
2024-08-23,DOGE,"0,11 $",7621297652.0
2024-08-23,ETH,"2 764,45 $",6097850.0
2024-08-23,SOL,"153,11 $",16726700.0
2024-08-23,SOL,"153,11 $",16726700.0
2024-08-23,XRP,"0,61 $",2052000084.0
2024-08-24, DOGE,"0,11 $",5977034525.0
2024-08-24,ADA,"0,39 $",657591885.0
2024-08-24,BNB,"580,76 $",3364585.0
2024-08-24,BTC,"64 178,99 $",333919.0
2024-08-24,ETH,"2 769,39 $",4248521.0
2024-08-24,SOL,"160,73 $",17105641.0
2024-08-24,XRP,"0,61 $",1821253978.0
2024-08-25, BNB,"574,25 $",2927453.0
2024-08-25,ADA,"0,39 $",704883524.0
2024-08-25,BTC,"64 333,54 $",292657.0
2024-08-25,DOGE,"0,11 $",5331695400.0
2024-08-25,ETH,"2 749,16 $",3410330.0
2024-08-25,SOL,"158,91 $",13121201.0
2024-08-25,XRP,"0,60 $",1452385414.0
2024-08-26, BTC,"62 880,66 $",440231.0
2024-08-26,ADA,"0,37 $",785677952.0
2024-08-26,BNB,"548,83 $",3313840.0
2024-08-26,DOGE,"0,11 $",5325751773.0
2024-08-26,Eth ,"2 681,34 $",4580558.0
2024-08-26,SOL,"157,24 $",16464383.0
2024-08-26,XRP,"0,59 $",1904460424.0
2024-08-27, BNB,"533,98 $",3471188.0
2024-08-27,ADA,"0,35 $",877615097.0
2024-08-27,BTC,"59 504,13 $",657162.0
2024-08-27,DOGE,"0,10 $",6210192722.0
2024-08-27,ETH,"2 458,73 $",7332656.0
2024-08-27,SOL,"146,90 $",18947909.0
2024-08-27,XRP,"0,57 $",2502616927.0
2024-08-28, BTC,"59 027,62 $",682554.0
2024-08-28, ETH,"2 528,42 $",8052294.0
2024-08-28,ADA,"0,35 $",905175514.0
2024-08-28,DOGE,"0,10 $",6595333963.0
2024-08-28,DOGE,"0,10 $",6595333963.0
2024-08-28,SOL,"143,89 $",20379268.0
2024-08-28,XRP,"0,57 $",2354771707.0
2024-08-28,XRP,"0,57 $",2354771707.0
2024-08-28,bnb,"536,82 $",3466812.0
2024-08-29, XRP,"0,56 $",1755876374.0
2024-08-29,ADA,"0,36 $",737140763.0
2024-08-29,BNB,"536,63 $",2939484.0
2024-08-29,BTC,"59 388,18 $",542616.0
2024-08-29,DOGE,"0,10 $",4599308693.0
2024-08-29,ETH,"2 528,79 $",5515056.0
2024-08-29,SOL,"140,05 $",
2024-08-30, SOL,"138,10 $",19430745.0
2024-08-30,ADA,"0,35 $",856630041.0
2024-08-30,BNB,"535,32 $",2986791.0
2024-08-30,Btc ,"59 119,48 $",546229.0
2024-08-30,DOGE,"0,10 $",5610519291.0
2024-08-30,ETH,"2 525,82 $",6146996.0
2024-08-30,XRP,"0,57 $",1945372753.0
2024-08-31, ADA,"0,35 $",350104071.0
2024-08-31,BNB,"532,90 $",2411102.0
2024-08-31,BTC,"58 969,90 $",210336.0
2024-08-31,DOGE,"0,10 $",2997419027.0
2024-08-31,ETH,"2 513,39 $",2644582.0
2024-08-31,SOL,"135,37 $",6590291.0
2024-08-31,XRP,"0,57 $",818104239.0
2024-09-01,BNB,"512,60 $",2923067.0
2024-09-01,BTC,"57 325,49 $",428997.0
2024-09-01,DOGE,"0,10 $",4451991577.0
2024-09-01,ETH,"2 427,90 $",4860345.0
2024-09-01,SOL,"128,69 $",15340449.0
2024-09-01,XRP,"0,55 $",1243343225.0
2024-09-01,ada,"0,33 $",639467559.0
2024-09-02,ADA,"0,34 $",692480523.0
2024-09-02,BNB,"526,44 $",3140645.0
2024-09-02,Btc ,"59 112,48 $",457373.0
2024-09-02,DOGE,"0,10 $",4680926498.0
2024-09-02,ETH,"2 538,19 $",4932829.0
2024-09-02,SOL,"135,00 $",15497664.0
2024-09-02,XRP,"0,57 $",1468562967.0
2024-09-03,BTC,"57 431,02 $",464330.0
2024-09-03,DOGE,"0,10 $",4090812749.0
2024-09-03,ETH,"2 420,60 $",4712378.0
2024-09-03,Sol ,"127,58 $",14012654.0
2024-09-03,XRP,"0,56 $",1461885403.0
2024-09-03,ada,"0,32 $",717495686.0
2024-09-03,bnb,"518,67 $",3006655.0
2024-09-04, DOGE,"0,10 $",5912645770.0
2024-09-04,Ada ,"0,32 $",991103599.0
2024-09-04,BNB,"507,82 $",3737910.0
2024-09-04,BTC,"57 971,54 $",614572.0
2024-09-04,ETH,"2 448,98 $",6823094.0
2024-09-04,SOL,"133,60 $",19938130.0
2024-09-04,XRP,"0,56 $",1982845501.0
2024-09-05,ADA,"0,33 $",930643080.0
2024-09-05,BTC,"56 160,49 $",552529.0
2024-09-05,Bnb ,"502,07 $",2925185.0
2024-09-05,Eth ,"2 367,74 $",5757532.0
2024-09-05,SOL,"129,33 $",14893634.0
2024-09-05,XRP,"0,54 $",1643926841.0
2024-09-05,doge,"0,10 $",4607180401.0
2024-09-06, DOGE,"0,09 $",8681742324.0
2024-09-06,ADA,"0,31 $",1083851465.0
2024-09-06,BNB,"486,90 $",3820137.0
2024-09-06,BTC,"53 948,75 $",914974.0
2024-09-06,ETH,"2 223,88 $",11612884.0
2024-09-06,SOL,"124,99 $",28166538.0
2024-09-06,XRP,"0,52 $",2898734735.0
2024-09-07, ETH,"2 274,11 $",4891858.0
2024-09-07,Ada ,"0,33 $",527394788.0
2024-09-07,BNB,"493,23 $",2754819.0
2024-09-07,BTC,"54 139,69 $",352080.0
2024-09-07,DOGE,"0,10 $",4325421900.0
2024-09-07,SOL,"127,72 $",10344862.0
2024-09-07,XRP,"0,53 $",1067869148.0
2024-09-08, BTC,"54 841,57 $",333110.0
2024-09-08,ADA,"0,34 $",626822205.0
2024-09-08,BNB,"503,00 $",2740356.0
2024-09-08,DOGE,"0,10 $",3973144880.0
2024-09-08,ETH,"2 297,29 $",4665684.0
2024-09-08,SOL,"129,99 $",10137697.0
2024-09-08,XRP,"0,53 $",963124595.0
2024-09-09, BTC,"57 019,54 $",607127.0
2024-09-09,BNB,"518,55 $",3089996.0
2024-09-09,DOGE,"0,10 $",6723492878.0
2024-09-09,ETH,"2 358,48 $",6736414.0
2024-09-09,XRP,"0,54 $",1536402315.0
2024-09-09,ada,"0,34 $",748987071.0
2024-09-09,sol,"135,03 $",18098558.0
2024-09-10,ADA,"0,34 $",542999718.0
2024-09-10,BNB,"517,48 $",2823292.0
2024-09-10,Btc ,"57 648,71 $",500577.0
2024-09-10,DOGE,"0,10 $",4528841512.0
2024-09-10,ETH,"2 389,58 $",5354838.0
2024-09-10,SOL,"135,64 $",12108643.0
2024-09-10,XRP,"0,54 $",1302874078.0
2024-09-11,ADA,"0,35 $",747423793.0
2024-09-11,BNB,"530,19 $",3073787.0
2024-09-11,BTC,"57 343,17 $",646094.0
2024-09-11,DOGE,"0,10 $",5249640103.0
2024-09-11,ETH,"2 339,84 $",6562488.0
2024-09-11,SOL,"132,50 $",16020072.0
2024-09-11,XRP,"0,54 $",1671741491.0
2024-09-12,Ada ,"0,36 $",718815282.0
2024-09-12,BNB,"544,30 $",3170566.0
2024-09-12,Btc ,"58 127,01 $",582100.0
2024-09-12,DOGE,"0,10 $",4277570988.0
2024-09-12,ETH,"2 361,78 $",5149771.0
2024-09-12,SOL,"136,14 $",11730817.0
2024-09-12,XRP,"0,56 $",2932575620.0
2024-09-13, ETH,"2 441,61 $",5635485.0
2024-09-13,ADA,"0,36 $",615762804.0
2024-09-13,BNB,"557,02 $",3133733.0
2024-09-13,BTC,"60 571,30 $",536401.0
2024-09-13,DOGE,"0,11 $",6307583049.0
2024-09-13,SOL,"139,10 $",11996290.0
2024-09-13,XRP,"0,57 $",2045541079.0
2024-09-14, ETH,"2 418,60 $",3378114.0
2024-09-14,ADA,"0,35 $",452081739.0
2024-09-14,BNB,"553,57 $",2550857.0
2024-09-14,DOGE,"0,11 $",4040675847.0
2024-09-14,SOL,"137,18 $",6943190.0
2024-09-14,XRP,"0,60 $",1951912809.0
2024-09-14,btc,"60 005,12 $",273783.0
2024-09-15, SOL,"131,50 $",10330111.0
2024-09-15,BNB,"553,97 $",2826645.0
2024-09-15,BTC,"59 182,84 $",306186.0
2024-09-15,DOGE,"0,10 $",4166692201.0
2024-09-15,ETH,"2 320,90 $",4375666.0
2024-09-15,XRP,"0,57 $",1409057018.0
2024-09-15,ada,"0,34 $",578546825.0
2024-09-16, XRP,"0,59 $",2154099375.0
2024-09-16,ADA,"0,33 $",640210269.0
2024-09-16,BNB,"533,81 $",3381607.0
2024-09-16,DOGE,"0,10 $",5303837454.0
2024-09-16,ETH,"2 295,28 $",7327649.0
2024-09-16,SOL,"131,47 $",12346442.0
2024-09-16,btc,"58 192,51 $",550463.0
2024-09-17,ADA,"0,33 $",625968968.0
2024-09-17,BNB,"546,01 $",2963165.0
2024-09-17,BTC,"60 308,54 $",631346.0
2024-09-17,DOGE,"0,10 $",4748907468.0
2024-09-17,Sol ,"131,54 $",13128325.0
2024-09-17,XRP,"0,58 $",1721705762.0
2024-09-17,eth,"2 341,71 $",6557942.0
2024-09-18,ADA,"0,34 $",740983584.0
2024-09-18,BNB,"559,04 $",2965201.0
2024-09-18,DOGE,"0,10 $",5304946296.0
2024-09-18,ETH,"2 369,73 $",7662925.0
2024-09-18,SOL,"133,99 $",16871737.0
2024-09-18,XRP,"0,59 $",2025015425.0
2024-09-18,btc,"61 649,68 $",664897.0
2024-09-19, DOGE,"0,10 $",6250841474.0
2024-09-19, DOGE,"0,10 $",6250841474.0
2024-09-19,ADA,"0,35 $",847091956.0
2024-09-19,BNB,"566,22 $",3283700.0
2024-09-19,BTC,"62 940,46 $",678582.0
2024-09-19,ETH,"2 464,75 $",7480325.0
2024-09-19,SOL,"142,84 $",20194758.0
2024-09-19,XRP,"0,59 $",2097553537.0
2024-09-20, ETH,"2 561,07 $",7462808.0
2024-09-20,ADA,"0,35 $",696929130.0
2024-09-20,BNB,"568,59 $",3203483.0
2024-09-20,BTC,"63 192,98 $",556663.0
2024-09-20,SOL,"146,57 $",22113627.0
2024-09-20,XRP,"0,59 $",2093420831.0
2024-09-20,doge,"0,11 $",5642788279.0
2024-09-21,ADA,"0,36 $",434100450.0
2024-09-21,BNB,"589,04 $",2877382.0
2024-09-21,BTC,"63 394,84 $",227284.0
2024-09-21,DOGE,"0,11 $",4564385360.0
2024-09-21,ETH,"2 615,86 $",4127834.0
2024-09-21,SOL,"149,53 $",9266621.0
2024-09-21,SOL,"149,53 $",9266621.0
2024-09-21,XRP,"0,60 $",1592610964.0
2024-09-22,ADA,"0,35 $",501307997.0
2024-09-22,BNB,"588,09 $",2857026.0
2024-09-22,BTC,"63 648,71 $",317105.0
2024-09-22,DOGE,"0,11 $",4522803179.0
2024-09-22,ETH,"2 582,86 $",5103122.0
2024-09-22,SOL,"144,80 $",11034439.0
2024-09-22,XRP,"0,59 $",1508616708.0
2024-09-23, ETH,"2 648,55 $",7518404.0
2024-09-23,ADA,"0,36 $",715573372.0
2024-09-23,BNB,"604,37 $",3622818.0
2024-09-23,BTC,"63 329,80 $",495822.0
2024-09-23,DOGE,"0,11 $",5958242278.0
2024-09-23,SOL,"144,81 $",16187756.0
2024-09-23,XRP,"0,59 $",1705953724.0
2024-09-24,ADA,"0,39 $",850048839.0
2024-09-24,BNB,"606,52 $",3140538.0
2024-09-24,BTC,"64 301,97 $",465590.0
2024-09-24,ETH,"2 654,36 $",6276030.0
2024-09-24,SOL,"152,89 $",19145773.0
2024-09-24,XRP,"0,59 $",1671830947.0
2024-09-24,doge,"0,11 $",6454043584.0
2024-09-25,ADA,"0,38 $",736073116.0
2024-09-25,BNB,"587,35 $",2969927.0
2024-09-25,BTC,"63 143,14 $",397167.0
2024-09-25,DOGE,"0,11 $",6420231062.0
2024-09-25,ETH,"2 579,39 $",5474061.0
2024-09-25,XRP,"0,58 $",1705991532.0
2024-09-25,sol,"148,02 $",14447731.0
2024-09-26, ADA,"0,40 $",876689499.0
2024-09-26,BNB,"596,78 $",3488501.0
2024-09-26,Btc ,"65 181,02 $",565703.0
2024-09-26,ETH,"2 632,20 $",6586139.0
2024-09-26,SOL,"155,58 $",19347247.0
2024-09-26,Xrp ,"0,59 $",2053695139.0
2024-09-26,doge,"0,12 $",11404044874.0
2024-09-27, BTC,"65 790,66 $",487285.0
2024-09-27,ADA,"0,40 $",786323750.0
2024-09-27,BNB,"607,87 $",3527412.0
2024-09-27,DOGE,"0,12 $",11056690061.0
2024-09-27,ETH,"2 695,90 $",6314409.0
2024-09-27,SOL,"157,75 $",17533007.0
2024-09-27,XRP,"0,59 $",2100155359.0
2024-09-28,ADA,"0,40 $",511957100.0
2024-09-28,BNB,"601,57 $",3088864.0
2024-09-28,BTC,"65 887,65 $",231358.0
2024-09-28,DOGE,"0,13 $",11267223473.0
2024-09-28,ETH,"2 677,54 $",3829110.0
2024-09-28,SOL,"156,91 $",8290424.0
2024-09-28,XRP,"0,61 $",3614741898.0
2024-09-29, ADA,"0,40 $",479027184.0
2024-09-29, XRP,"0,64 $",3467024010.0
2024-09-29,BNB,"596,41 $",2765969.0
2024-09-29,BTC,"65 635,30 $",225309.0
2024-09-29,DOGE,"0,12 $",6873492300.0
2024-09-29,ETH,"2 659,35 $",4183815.0
2024-09-29,SOL,"158,63 $",11183190.0
2024-09-30,ADA,"0,37 $",745361528.0
2024-09-30,BNB,"567,26 $",3486975.0
2024-09-30,BTC,"63 329,50 $",586030.0
2024-09-30,DOGE,"0,11 $",8535889524.0
2024-09-30,ETH,"2 603,06 $",6848259.0
2024-09-30,SOL,"152,62 $",15573349.0
2024-09-30,xrp,"0,61 $",3354694199.0
2024-10-01, BNB,"548,00 $",3876072.0
2024-10-01,ADA,"0,35 $",1250706918.0
2024-10-01,BTC,"60 837,01 $",825500.0
2024-10-01,Doge ,"0,11 $",12445797371.0
2024-10-01,ETH,"2 448,92 $",10405550.0
2024-10-01,SOL,"145,29 $",25164620.0
2024-10-01,XRP,"0,60 $",4559299524.0
2024-10-02,Ada ,"0,34 $",1006254925.0
2024-10-02,BNB,"542,71 $",3355578.0
2024-10-02,BTC,"60 632,79 $",672288.0
2024-10-02,DOGE,"0,10 $",8688069091.0
2024-10-02,XRP,"0,54 $",4862360206.0
2024-10-02,eth,"2 365,23 $",8518513.0
2024-10-02,sol,"140,39 $",20602291.0
2024-10-03,ADA,"0,35 $",912010202.0
2024-10-03,BTC,"60 759,40 $",594253.0
2024-10-03,Bnb ,"544,42 $",2960802.0
2024-10-03,DOGE,"0,11 $",7857753658.0
2024-10-03,ETH,"2 349,79 $",7682150.0
2024-10-03,SOL,"136,79 $",21310691.0
2024-10-03,XRP,"0,52 $",4463561873.0
2024-10-04,ADA,"0,35 $",653949253.0
2024-10-04,BNB,"555,38 $",2733395.0
2024-10-04,BTC,"62 067,48 $",476666.0
2024-10-04,DOGE,"0,11 $",6132642548.0
2024-10-04,ETH,"2 414,79 $",6161712.0
2024-10-04,SOL,"143,17 $",16496499.0
2024-10-04,xrp,"0,53 $",2635608351.0
2024-10-05,ADA,"0,35 $",427444742.0
2024-10-05,BNB,"563,21 $",2532691.0
2024-10-05,BTC,"62 089,95 $",214293.0
2024-10-05,DOGE,"0,11 $",3579245000.0
2024-10-05,ETH,"2 415,63 $",3375088.0
2024-10-05,SOL,"142,71 $",7805509.0
2024-10-05,XRP,"0,53 $",1294833977.0
2024-10-06,ADA,"0,36 $",422867914.0
2024-10-06,BNB,"570,54 $",2482888.0
2024-10-06,BTC,"62 818,95 $",235219.0
2024-10-06,DOGE,"0,11 $",3904784493.0
2024-10-06,ETH,"2 439,96 $",3466736.0
2024-10-06,SOL,"146,44 $",7980721.0
2024-10-06,XRP,"0,53 $",1115844578.0
2024-10-07,ADA,"0,35 $",741580757.0
2024-10-07,BNB,"564,15 $",3019016.0
2024-10-07,BTC,"62 236,66 $",550376.0
2024-10-07,DOGE,"0,11 $",7814718805.0
2024-10-07,SOL,"143,99 $",18603863.0
2024-10-07,eth,"2 421,80 $",7190548.0
2024-10-07,xrp,"0,53 $",2250192310.0
2024-10-08,ADA,"0,34 $",653408061.0
2024-10-08,BNB,"580,40 $",3693228.0
2024-10-08,BTC,"62 131,97 $",452818.0
2024-10-08,DOGE,"0,11 $",5745974565.0
2024-10-08,ETH,"2 439,84 $",5765688.0
2024-10-08,Sol ,"143,39 $",11929459.0
2024-10-08,XRP,"0,53 $",1708409140.0
2024-10-09,ADA,"0,34 $",647779134.0
2024-10-09,BNB,"570,28 $",3355653.0
2024-10-09,BTC,"60 582,10 $",456752.0
2024-10-09,DOGE,"0,11 $",6186690064.0
2024-10-09,ETH,"2 368,28 $",6314298.0
2024-10-09,SOL,"139,32 $",12184566.0
2024-10-09,XRP,"0,52 $",1637202548.0
2024-10-10, XRP,"0,53 $",2378690156.0
2024-10-10,ADA,"0,34 $",614981373.0
2024-10-10,BNB,"562,73 $",2770603.0
2024-10-10,BTC,"60 274,50 $",505235.0
2024-10-10,DOGE,"0,11 $",7069125808.0
2024-10-10,ETH,"2 383,86 $",6429817.0
2024-10-10,sol,"138,89 $",12745181.0
2024-10-11,ADA,"0,35 $",548668369.0
2024-10-11,BTC,"62 445,09 $",485661.0
2024-10-11,DOGE,"0,11 $",5874408106.0
2024-10-11,ETH,"2 436,51 $",5536215.0
2024-10-11,Sol ,"145,38 $",12366433.0
2024-10-11,Xrp ,"0,54 $",1716726488.0
2024-10-11,bnb,"572,86 $",2832309.0
2024-10-12, XRP,"0,54 $",1055029079.0
2024-10-12,ADA,"0,35 $",434746285.0
2024-10-12,BNB,"576,45 $",2572634.0
2024-10-12,BTC,"63 193,02 $",264968.0
2024-10-12,DOGE,"0,11 $",4658436412.0
2024-10-12,ETH,"2 476,52 $",3784406.0
2024-10-12,SOL,"146,50 $",7635688.0
2024-10-13,ADA,"0,35 $",532345363.0
2024-10-13,ADA,"0,35 $",532345363.0
2024-10-13,BNB,"571,82 $",2575077.0
2024-10-13,BTC,"62 851,38 $",289215.0
2024-10-13,DOGE,"0,11 $",5152411723.0
2024-10-13,ETH,"2 467,68 $",3723944.0
2024-10-13,SOL,"147,57 $",8771585.0
2024-10-13,XRP,"0,53 $",1158033095.0
2024-10-14,ADA,"0,36 $",783916318.0
2024-10-14,BNB,"588,90 $",3100327.0
2024-10-14,BTC,"66 046,12 $",661764.0
2024-10-14,ETH,"2 628,90 $",8153482.0
2024-10-14,SOL,"157,45 $",18605461.0
2024-10-14,XRP,"0,55 $",1962687727.0
2024-10-14,doge,"0,12 $",8898438498.0
2024-10-15, BNB,"594,19 $",3434842.0
2024-10-15, DOGE,"0,12 $",11633474571.0
2024-10-15,ADA,"0,36 $",1115000448.0
2024-10-15,BTC,"67 041,11 $",728864.0
2024-10-15,ETH,"2 606,02 $",8443436.0
2024-10-15,SOL,"154,72 $",22308936.0
2024-10-15,xrp,"0,54 $",2375857811.0
2024-10-16,ADA,"0,35 $",762720636.0
2024-10-16,BTC,"67 612,72 $",564911.0
2024-10-16,BTC,"67 612,72 $",564911.0
2024-10-16,DOGE,"0,13 $",18050588178.0
2024-10-16,SOL,"154,23 $",15544842.0
2024-10-16,XRP,"0,55 $",1980442428.0
2024-10-16,bnb,"600,82 $",3193301.0
2024-10-16,eth,"2 611,10 $",6515408.0
2024-10-17, BNB,"592,04 $",2937627.0
2024-10-17, SOL,"150,32 $",14354742.0
2024-10-17,Ada ,"0,34 $",830237089.0
2024-10-17,BTC,"67 399,84 $",486513.0
2024-10-17,XRP,"0,54 $",2586529990.0
2024-10-17,doge,"0,13 $",12009340980.0
2024-10-17,eth,"2 604,27 $",5817635.0
2024-10-18,ADA,"0,35 $",600271154.0
2024-10-18,BNB,"599,37 $",2733211.0
2024-10-18,BTC,"68 418,79 $",538699.0
2024-10-18,DOGE,"0,14 $",16157343168.0
2024-10-18,XRP,"0,55 $",1906972106.0
2024-10-18,eth,"2 641,55 $",6452168.0
2024-10-18,sol,"154,98 $",11319350.0
2024-10-19,ADA,"0,35 $",470021750.0
2024-10-19,BNB,"597,97 $",2395880.0
2024-10-19,BTC,"68 362,73 $",211277.0
2024-10-19,ETH,"2 648,66 $",3231009.0
2024-10-19,doge,"0,14 $",13136502096.0
2024-10-19,sol,"159,64 $",9022681.0
2024-10-19,xrp,"0,54 $",1109556212.0
2024-10-20, ADA,"0,36 $",553880902.0
2024-10-20,BTC,"69 001,70 $",275005.0
2024-10-20,DOGE,"0,14 $",10253963492.0
2024-10-20,ETH,"2 746,36 $",5301299.0
2024-10-20,SOL,"166,94 $",15449872.0
2024-10-20,bnb,"605,52 $",2656165.0
2024-10-20,xrp,"0,55 $",1264119921.0
2024-10-21, XRP,"0,54 $",2422603063.0
2024-10-21,ADA,"0,36 $",847252088.0
2024-10-21,BNB,"598,82 $",3201632.0
2024-10-21,BTC,"67 367,85 $",556625.0
2024-10-21,ETH,"2 665,71 $",6500558.0
2024-10-21,SOL,"166,22 $",23608754.0
2024-10-21,doge,"0,14 $",14442174616.0
2024-10-22,ADA,"0,36 $",822943780.0
2024-10-22,BNB,"593,36 $",2931961.0
2024-10-22,BTC,"67 361,41 $",472206.0
2024-10-22,DOGE,"0,14 $",11807948420.0
2024-10-22,ETH,"2 620,20 $",5931580.0
2024-10-22,Sol ,"167,26 $",20750863.0
2024-10-22,XRP,"0,53 $",2100644117.0
2024-10-23,ADA,"0,35 $",838891066.0
2024-10-23,BNB,"582,47 $",2951304.0
2024-10-23,Btc ,"66 432,20 $",485668.0
2024-10-23,DOGE,"0,14 $",10330529982.0
2024-10-23,ETH,"2 509,10 $",7124863.0
2024-10-23,SOL,"170,93 $",22591945.0
2024-10-23,XRP,"0,53 $",1871068616.0
2024-10-24,ADA,"0,35 $",774307415.0
2024-10-24,BNB,"594,15 $",2684728.0
2024-10-24,BTC,"68 161,05 $",460885.0
2024-10-24,DOGE,"0,14 $",9506313611.0
2024-10-24,ETH,"2 534,50 $",6363637.0
2024-10-24,SOL,"177,16 $",19922906.0
2024-10-24,XRP,"0,53 $",
2024-10-25, BNB,"574,25 $",2981912.0
2024-10-25,BTC,"66 642,41 $",622276.0
2024-10-25,DOGE,"0,13 $",11135367464.0
2024-10-25,ETH,"2 435,93 $",9261430.0
2024-10-25,SOL,"164,76 $",29558497.0
2024-10-25,XRP,"0,50 $",2704019692.0
2024-10-25,ada,"0,32 $",1323622938.0
2024-10-26,ADA,"0,33 $",750735860.0
2024-10-26,BTC,"67 014,70 $",292296.0
2024-10-26,Bnb ,"582,81 $",2460212.0
2024-10-26,DOGE,"0,14 $",6901153148.0
2024-10-26,ETH,"2 479,60 $",5483580.0
2024-10-26,SOL,"170,71 $",16141050.0
2024-10-26,XRP,"0,51 $",1372358152.0
2024-10-27, DOGE,"0,14 $",7825382536.0
2024-10-27,ADA,"0,34 $",451879860.0
2024-10-27,BNB,"588,72 $",2381554.0
2024-10-27,SOL,"176,55 $",13752164.0
2024-10-27,XRP,"0,52 $",987350400.0
2024-10-27,btc,"67 929,30 $",246158.0
2024-10-27,eth,"2 505,94 $",3911280.0
2024-10-28, ETH,"2 565,35 $",7395426.0
2024-10-28, SOL,"178,10 $",20342257.0
2024-10-28,ADA,"0,34 $",780779443.0
2024-10-28,BNB,"600,60 $",2782790.0
2024-10-28,BTC,"69 907,76 $",555015.0
2024-10-28,DOGE,"0,16 $",19101087945.0
2024-10-28,XRP,"0,52 $",1612679283.0
2024-10-29,ADA,"0,36 $",829767166.0
2024-10-29,BNB,"605,67 $",
2024-10-29,BTC,"72 720,49 $",805026.0
2024-10-29,DOGE,"0,18 $",21527523368.0
2024-10-29,ETH,"2 637,96 $",8410236.0
2024-10-29,sol,"179,36 $",21852863.0
2024-10-29,xrp,"0,53 $",2038734670.0
2024-10-30,ADA,"0,36 $",820667254.0
2024-10-30,BNB,"595,73 $",2790907.0
2024-10-30,BTC,"72 339,54 $",561887.0
2024-10-30,ETH,"2 657,37 $",8422865.0
2024-10-30,Sol ,"174,93 $",15849211.0
2024-10-30,XRP,"0,52 $",1722569215.0
2024-10-30,doge,"0,17 $",13792807694.0
2024-10-31, XRP,"0,51 $",1994641845.0
2024-10-31,ADA,"0,34 $",821496082.0
2024-10-31,BNB,"576,03 $",3143380.0
2024-10-31,BTC,"70 215,19 $",578620.0
2024-10-31,DOGE,"0,16 $",13717565089.0
2024-10-31,ETH,"2 515,80 $",7854525.0
2024-10-31,SOL,"168,43 $",15749098.0
2024-11-01,ADA,"0,36 $",1031242109.0
2024-11-01,BNB,"572,76 $",2982425.0
2024-11-01,BTC,"69 482,47 $",719459.0
2024-11-01,DOGE,"0,16 $",15115764846.0
2024-11-01,ETH,"2 511,89 $",8047914.0
2024-11-01,XRP,"0,51 $",2504366851.0
2024-11-01,sol,"166,26 $",18988648.0
2024-11-02,ADA,"0,35 $",679306177.0
2024-11-02,BNB,"568,04 $",2512577.0
2024-11-02,BTC,"69 289,27 $",262445.0
2024-11-02,DOGE,"0,16 $",8424870201.0
2024-11-02,ETH,"2 491,07 $",3869607.0
2024-11-02,SOL,"166,01 $",9747407.0
2024-11-02,Xrp ,"0,51 $",1033718413.0
2024-11-03,ADA,"0,33 $",844396143.0
2024-11-03,BTC,"68 741,12 $",507241.0
2024-11-03,Bnb ,"557,64 $",2840544.0
2024-11-03,DOGE,"0,15 $",14624033922.0
2024-11-03,ETH,"2 456,43 $",6378285.0
2024-11-03,SOL,"162,55 $",16276718.0
2024-11-03,Xrp ,"0,50 $",1870719628.0
2024-11-04, BTC,"67 811,51 $",607343.0
2024-11-04,ADA,"0,33 $",803444256.0
2024-11-04,BNB,"552,07 $",2863168.0
2024-11-04,DOGE,"0,16 $",16051932356.0
2024-11-04,ETH,"2 397,03 $",7138094.0
2024-11-04,SOL,"157,75 $",17807026.0
2024-11-04,XRP,"0,50 $",2037718608.0
2024-11-05, ADA,"0,33 $",724369815.0
2024-11-05,BTC,"69 359,56 $",663887.0
2024-11-05,Bnb ,"563,61 $",2685761.0
2024-11-05,DOGE,"0,17 $",24066702107.0
2024-11-05,ETH,"2 422,65 $",7386149.0
2024-11-05,SOL,"166,72 $",19456582.0
2024-11-05,xrp,"0,51 $",1998615101.0
2024-11-06, BNB,"592,00 $",3957033.0
2024-11-06, BTC,"75 639,08 $",1567875.0
2024-11-06, SOL,"186,95 $",52541755.0
2024-11-06,ETH,"2 724,17 $",15376275.0
2024-11-06,XRP,"0,54 $",4076140038.0
2024-11-06,ada,"0,36 $",1729567274.0
2024-11-06,doge,"0,20 $",62006820528.0
2024-11-07,ADA,"0,41 $",1534664321.0
2024-11-07,BTC,"75 904,86 $",836147.0
2024-11-07,Bnb ,"598,44 $",3292973.0
2024-11-07,DOGE,"0,19 $",22459957525.0
2024-11-07,ETH,"2 895,59 $",12209040.0
2024-11-07,SOL,"196,33 $",23943018.0
2024-11-07,XRP,"0,55 $",3405449765.0
2024-11-08,BNB,"597,95 $",3141879.0
2024-11-08,BTC,"76 545,48 $",720838.0
2024-11-08,DOGE,"0,20 $",20231850084.0
2024-11-08,ETH,"2 962,30 $",10904803.0
2024-11-08,Sol ,"199,94 $",28374365.0
2024-11-08,XRP,"0,55 $",2704452579.0
2024-11-08,ada,"0,44 $",3241569787.0
2024-11-09,BNB,"624,37 $",4387232.0
2024-11-09,BTC,"76 778,87 $",377832.0
2024-11-09,DOGE,"0,22 $",19612231909.0
2024-11-09,Eth ,"3 131,14 $",9328900.0
2024-11-09,SOL,"200,19 $",16801710.0
2024-11-09,XRP,"0,56 $",2213774497.0
2024-11-09,ada,"0,49 $",1461873533.0
2024-11-10,ADA,"0,59 $",8913027756.0
2024-11-10,BNB,"628,30 $",4720129.0
2024-11-10,BTC,"80 474,19 $",1026051.0
2024-11-10,DOGE,"0,28 $",53392866349.0
2024-11-10,ETH,"3 191,33 $",14858605.0
2024-11-10,SOL,"210,61 $",40665231.0
2024-11-10,XRP,"0,59 $",7124237211.0
2024-11-11, BTC,"88 701,48 $",1329931.0
2024-11-11,ADA,"0,61 $",4867243033.0
2024-11-11,BNB,"661,89 $",5099225.0
2024-11-11,Doge ,"0,35 $",56050179360.0
2024-11-11,SOL,"222,64 $",46221395.0
2024-11-11,eth,"3 374,81 $",16420990.0
2024-11-11,xrp,"0,62 $",6554675140.0
2024-11-12,ADA,"0,57 $",5056027351.0
2024-11-12,BNB,"627,00 $",5747461.0
2024-11-12,BTC,"87 955,81 $",1519778.0
2024-11-12,DOGE,"0,38 $",104485275708.0
2024-11-12,ETH,"3 246,26 $",17461979.0
2024-11-12,SOL,"212,23 $",53283797.0
2024-11-12,XRP,"0,71 $",15764478000.0
2024-11-13,ADA,"0,58 $",3968765009.0
2024-11-13,BNB,"621,00 $",5304348.0
2024-11-13,BTC,"90 584,16 $",1364025.0
2024-11-13,DOGE,"0,40 $",70800214668.0
2024-11-13,ETH,"3 192,60 $",16290883.0
2024-11-13,SOL,"215,18 $",52497568.0
2024-11-13,XRP,"0,69 $",11261416564.0
2024-11-14,Ada ,"0,58 $",
2024-11-14,Ada ,"0,58 $",
2024-11-14,BNB,"621,68 $",5457330.0
2024-11-14,BTC,"87 250,43 $",1004198.0
2024-11-14,DOGE,"0,36 $",43037990158.0
2024-11-14,ETH,"3 058,95 $",11684848.0
2024-11-14,Sol ,"209,22 $",38689371.0
2024-11-14,xrp,"0,77 $",12236016798.0
2024-11-15, SOL,"218,09 $",28014686.0
2024-11-15,ADA,"0,67 $",5712327772.0
2024-11-15,BTC,"91 066,01 $",859191.0
2024-11-15,DOGE,"0,38 $",30652771414.0
2024-11-15,ETH,"3 103,04 $",10538493.0
2024-11-15,XRP,"0,89 $",13158166527.0
2024-11-15,bnb,"618,87 $",4116383.0
2024-11-16, DOGE,"0,36 $",20685281186.0
2024-11-16,ADA,"0,74 $",7427349915.0
2024-11-16,BNB,"622,37 $",3399132.0
2024-11-16,Btc ,"90 558,48 $",489553.0
2024-11-16,ETH,"3 133,27 $",8505691.0
2024-11-16,SOL,"215,85 $",21769660.0
2024-11-16,XRP,"1,12 $",20167121827.0
2024-11-17,ADA,"0,70 $",3303145884.0
2024-11-17,BNB,"618,40 $",3966118.0
2024-11-17,DOGE,"0,37 $",21366961645.0
2024-11-17,SOL,"237,58 $",42012225.0
2024-11-17,XRP,"1,05 $",11444273568.0
2024-11-17,btc,"89 845,85 $",515885.0
2024-11-17,eth,"3 075,66 $",9216932.0
2024-11-18, ETH,"3 207,86 $",11049608.0
2024-11-18,ADA,"0,73 $",3055261645.0
2024-11-18,BNB,"619,44 $",3688610.0
2024-11-18,BTC,"90 542,64 $",834256.0
2024-11-18,DOGE,"0,37 $",22586505697.0
2024-11-18,Sol ,"239,79 $",36692766.0
2024-11-18,Xrp ,"1,12 $",8925661997.0
2024-11-19, ADA,"0,74 $",2097332275.0
2024-11-19,BNB,"615,99 $",3368891.0
2024-11-19,BTC,"92 343,79 $",806996.0
2024-11-19,ETH,"3 111,38 $",9585327.0
2024-11-19,SOL,"238,10 $",28189788.0
2024-11-19,Xrp ,"1,10 $",5339788549.0
2024-11-19,doge,"0,39 $",32935789464.0
2024-11-20,ADA,"0,80 $",4746727737.0
2024-11-20,BTC,"94 339,49 $",760349.0
2024-11-20,Bnb ,"606,12 $",3490933.0
2024-11-20,DOGE,"0,38 $",21270447315.0
2024-11-20,ETH,"3 072,19 $",9695205.0
2024-11-20,SOL,"235,42 $",27415008.0
2024-11-20,XRP,"1,10 $",5814227425.0
2024-11-21, DOGE,"0,39 $",20774400329.0
2024-11-21,ADA,"0,82 $",3091639925.0
2024-11-21,BNB,"622,83 $",4332973.0
2024-11-21,BTC,"98 504,73 $",1076339.0
2024-11-21,ETH,"3 361,05 $",15358001.0
2024-11-21,SOL,"257,07 $",41760944.0
2024-11-21,xrp,"1,25 $",8358895718.0
2024-11-22,ADA,"1,01 $",6140395565.0
2024-11-22,BNB,"633,51 $",3863435.0
2024-11-22,BTC,"98 997,66 $",792681.0
2024-11-22,DOGE,"0,41 $",32916342399.0
2024-11-22,SOL,"256,52 $",28261076.0
2024-11-22,XRP,"1,47 $",13603946182.0
2024-11-22,eth,"3 331,60 $",11038452.0
2024-11-23,ADA,"1,07 $",6138353587.0
2024-11-23,BTC,"97 777,28 $",454243.0
2024-11-23,DOGE,"0,43 $",48541961324.0
2024-11-23,ETH,"3 396,22 $",11434815.0
2024-11-23,SOL,"255,18 $",24432868.0
2024-11-23,XRP,"1,47 $",10529819110.0
2024-11-23,bnb,"651,20 $",5077746.0
2024-11-24, ETH,"3 363,66 $",8294969.0
2024-11-24,ADA,"1,02 $",3775812320.0
2024-11-24,BNB,"660,32 $",4710141.0
2024-11-24,BTC,"98 013,82 $",527599.0
2024-11-24,SOL,"252,92 $",21074477.0
2024-11-24,XRP,"1,43 $",8282137422.0
2024-11-24,doge,"0,43 $",28410555042.0
2024-11-25, ADA,"0,95 $",3427533296.0
2024-11-25, ETH,"3 413,54 $",15100082.0
2024-11-25,BNB,"636,64 $",4378728.0
2024-11-25,BTC,"93 102,30 $",869038.0
2024-11-25,DOGE,"0,39 $",24846914159.0
2024-11-25,SOL,"234,45 $",28219711.0
2024-11-25,XRP,"1,42 $",8137193659.0
2024-11-26, DOGE,"0,39 $",22824690287.0
2024-11-26,ADA,"0,96 $",2991613712.0
2024-11-26,BNB,"613,59 $",4298096.0
2024-11-26,BTC,"91 985,32 $",996426.0
2024-11-26,ETH,"3 326,52 $",11995416.0
2024-11-26,SOL,"230,98 $",30292627.0
2024-11-26,XRP,"1,40 $",6692662149.0
2024-11-27, BNB,"644,95 $",3711321.0
2024-11-27, BTC,"95 962,53 $",741263.0
2024-11-27, ETH,"3 657,25 $",11862464.0
2024-11-27,DOGE,"0,40 $",15910344617.0
2024-11-27,SOL,"242,30 $",22209472.0
2024-11-27,XRP,"1,47 $",5273233314.0
2024-11-27,ada,"1,01 $",2571915412.0
2024-11-28, BNB,"654,36 $",3969331.0
2024-11-28,ADA,"1,03 $",1512338958.0
2024-11-28,BTC,"95 652,47 $",546353.0
2024-11-28,DOGE,"0,40 $",14813066158.0
2024-11-28,ETH,"3 579,81 $",9040343.0
2024-11-28,SOL,"237,76 $",17022383.0
2024-11-28,XRP,"1,54 $",3776360745.0
2024-11-29,ADA,"1,08 $",2060450917.0
2024-11-29,BNB,"654,81 $",3204075.0
2024-11-29,BTC,"97 461,52 $",564004.0
2024-11-29,ETH,"3 593,49 $",7686844.0
2024-11-29,SOL,"243,55 $",17049499.0
2024-11-29,Xrp ,"1,80 $",
2024-11-29,doge,"0,43 $",15895067883.0
2024-11-30, BNB,"654,33 $",3474720.0
2024-11-30,ADA,"1,08 $",
2024-11-30,BTC,"96 449,05 $",327989.0
2024-11-30,DOGE,"0,42 $",13274484226.0
2024-11-30,ETH,"3 705,71 $",8276661.0
2024-11-30,Sol ,"237,74 $",14928496.0
2024-11-30,XRP,"1,94 $",8506262878.0
2024-12-01,ADA,"1,16 $",1991249231.0
2024-12-01,BTC,"97 279,79 $",376139.0
2024-12-01,Bnb ,"655,93 $",3133113.0
2024-12-01,DOGE,"0,44 $",18938550335.0
2024-12-01,DOGE,"0,44 $",18938550335.0
2024-12-01,ETH,"3 711,16 $",7549681.0
2024-12-01,SOL,"237,07 $",15717383.0
2024-12-01,XRP,"2,32 $",7896308837.0
2024-12-02, XRP,"2,71 $",19059359301.0
2024-12-02,ADA,"1,20 $",4613914375.0
2024-12-02,BNB,"647,59 $",4078554.0
2024-12-02,BTC,"95 865,30 $",758155.0
2024-12-02,DOGE,"0,42 $",30782568548.0
2024-12-02,ETH,"3 644,20 $",12975409.0
2024-12-02,SOL,"225,76 $",32664336.0
2024-12-03, SOL,"234,20 $",35884218.0
2024-12-03, XRP,"2,53 $",17223349600.0
2024-12-03,ADA,"1,20 $",4815936544.0
2024-12-03,BNB,"737,70 $",5662915.0
2024-12-03,BTC,"96 002,16 $",698607.0
2024-12-03,DOGE,"0,41 $",22954238787.0
2024-12-03,ETH,"3 620,71 $",10174748.0
2024-12-04, SOL,"229,12 $",28671221.0
2024-12-04,ADA,"1,19 $",2390659174.0
2024-12-04,BNB,"739,25 $",7595262.0
2024-12-04,BTC,"98 768,53 $",781624.0
2024-12-04,DOGE,"0,43 $",18671021857.0
2024-12-04,Eth ,"3 841,33 $",14786475.0
2024-12-04,XRP,"2,35 $",9358139650.0
2024-12-05, BNB,"714,32 $",5280014.0
2024-12-05, BTC,"96 593,57 $",1544812.0
2024-12-05,ADA,"1,18 $",2707474966.0
2024-12-05,DOGE,"0,43 $",35495947050.0
2024-12-05,ETH,"3 811,01 $",15892985.0
2024-12-05,SOL,"234,00 $",37695351.0
2024-12-05,XRP,"2,30 $",9260159066.0
2024-12-06,ADA,"1,23 $",1834499890.0
2024-12-06,BNB,"732,01 $",3921898.0
2024-12-06,DOGE,"0,44 $",15304847498.0
2024-12-06,ETH,"4 005,81 $",13194251.0
2024-12-06,SOL,"237,05 $",28375982.0
2024-12-06,XRP,"2,42 $",5518458484.0
2024-12-06,btc,"99 920,71 $",946098.0
2024-12-07,ADA,"1,21 $",1133578301.0
2024-12-07,BNB,"750,27 $",3101516.0
2024-12-07,BTC,"99 923,34 $",442114.0
2024-12-07,DOGE,"0,45 $",17907353211.0
2024-12-07,ETH,"4 002,69 $",5639863.0
2024-12-07,SOL,"238,55 $",16782466.0
2024-12-07,XRP,"2,62 $",4723292388.0
2024-12-08,ADA,"1,20 $",1420258885.0
2024-12-08,BNB,"743,30 $",2737831.0
2024-12-08,BTC,"101 236,02 $",435870.0
2024-12-08,DOGE,"0,47 $",17486143653.0
2024-12-08,Eth ,"4 005,70 $",5228388.0
2024-12-08,Sol ,"236,67 $",13540993.0
2024-12-08,XRP,"2,61 $",4048039367.0
2024-12-09, ADA,"1,01 $",3255604442.0
2024-12-09,BNB,"689,92 $",4736701.0
2024-12-09,BTC,"97 432,72 $",1135927.0
2024-12-09,DOGE,"0,41 $",28526639103.0
2024-12-09,ETH,"3 718,69 $",15335999.0
2024-12-09,SOL,"217,34 $",39616041.0
2024-12-09,XRP,"2,22 $",8730610597.0
2024-12-10,ADA,"1,02 $",3375200942.0
2024-12-10,BNB,"676,98 $",4582698.0
2024-12-10,BTC,"96 675,43 $",1084286.0
2024-12-10,ETH,"3 631,83 $",
2024-12-10,SOL,"213,82 $",39377941.0
2024-12-10,XRP,"2,37 $",11240607663.0
2024-12-10,doge,"0,39 $",28534282086.0
2024-12-11,ADA,"1,09 $",1956429563.0
2024-12-11,BNB,"711,81 $",3198639.0
2024-12-11,Btc ,"101 173,03 $",844014.0
2024-12-11,DOGE,"0,41 $",
2024-12-11,SOL,"227,45 $",24687413.0
2024-12-11,XRP,"2,40 $",5931028217.0
2024-12-11,eth,"3 832,82 $",9384222.0
2024-12-12,ADA,"1,12 $",1963910605.0
2024-12-12,BNB,"705,94 $",3389969.0
2024-12-12,BTC,"100 043,00 $",720430.0
2024-12-12,ETH,"3 883,10 $",11066328.0
2024-12-12,SOL,"227,03 $",21739256.0
2024-12-12,XRP,"2,34 $",4655612793.0
2024-12-12,doge,"0,41 $",13776983322.0
2024-12-13, ADA,"1,12 $",1184184969.0
2024-12-13, BNB,"726,25 $",3373272.0
2024-12-13,BTC,"101 459,26 $",560765.0
2024-12-13,DOGE,"0,41 $",9327269291.0
2024-12-13,ETH,"3 911,21 $",8921835.0
2024-12-13,SOL,"224,84 $",17922412.0
2024-12-13,SOL,"224,84 $",17922412.0
2024-12-13,XRP,"2,42 $",3892700045.0
2024-12-14, DOGE,"0,40 $",
2024-12-14,ADA,"1,06 $",3997342374.0
2024-12-14,BNB,"715,70 $",2735583.0
2024-12-14,Eth ,"3 868,41 $",7433603.0
2024-12-14,SOL,"219,84 $",13306180.0
2024-12-14,Xrp ,"2,40 $",3258377131.0
2024-12-14,btc,"101 372,97 $",398755.0
2024-12-15, ETH,"3 951,94 $",6343621.0
2024-12-15,ADA,"1,10 $",915848379.0
2024-12-15,BNB,"719,13 $",2546261.0
2024-12-15,BTC,"104 298,70 $",490379.0
2024-12-15,DOGE,"0,41 $",6533470693.0
2024-12-15,Sol ,"223,66 $",13276867.0
2024-12-15,xrp,"2,45 $",2470483743.0
2024-12-16, ETH,"3 987,48 $",11670616.0
2024-12-16,ADA,"1,08 $",1423736446.0
2024-12-16,BNB,"720,33 $",3160360.0
2024-12-16,BTC,"106 029,72 $",858443.0
2024-12-16,Sol ,"216,34 $",23441102.0
2024-12-16,Xrp ,"2,49 $",4846690755.0
2024-12-16,doge,"0,40 $",9681102469.0
2024-12-17,Ada ,"1,05 $",1501214578.0
2024-12-17,BNB,"716,68 $",3298337.0
2024-12-17,BTC,"106 140,60 $",646212.0
2024-12-17,DOGE,"0,39 $",9175543297.0
2024-12-17,ETH,"3 886,77 $",9112640.0
2024-12-17,SOL,"222,82 $",28925350.0
2024-12-17,XRP,"2,57 $",6634925516.0
2024-12-18,Ada ,"0,97 $",2043593273.0
2024-12-18,BNB,"687,62 $",3930172.0
2024-12-18,BTC,"100 041,54 $",938267.0
2024-12-18,DOGE,"0,36 $",16058742669.0
2024-12-18,ETH,"3 618,79 $",13525699.0
2024-12-18,SOL,"206,38 $",33379837.0
2024-12-18,XRP,"2,30 $",8620427060.0
2024-12-19,BNB,"666,57 $",4210296.0
2024-12-19,Btc ,"97 490,95 $",997238.0
2024-12-19,DOGE,"0,32 $",30361372781.0
2024-12-19,ETH,"3 417,93 $",17226574.0
2024-12-19,SOL,"194,28 $",41403064.0
2024-12-19,XRP,"2,25 $",10236291280.0
2024-12-19,ada,"0,89 $",2640808535.0
2024-12-20,ADA,"0,95 $",2947575710.0
2024-12-20,BNB,"678,09 $",4519018.0
2024-12-20,BTC,"97 755,93 $",1080590.0
2024-12-20,Eth ,"3 472,55 $",19116719.0
2024-12-20,SOL,"194,21 $",
2024-12-20,XRP,"2,28 $",11796257895.0
2024-12-20,doge,"0,32 $",35928336552.0
2024-12-21,ADA,"0,90 $",1705417610.0
2024-12-21,BNB,"663,28 $",3295353.0
2024-12-21,BTC,"97 224,73 $",532430.0
2024-12-21,DOGE,"0,32 $",21421608339.0
2024-12-21,ETH,"3 337,22 $",9462777.0
2024-12-21,SOL,"181,30 $",29612811.0
2024-12-21,xrp,"2,24 $",6696580843.0
2024-12-22,ADA,"0,88 $",1259377732.0
2024-12-22,DOGE,"0,31 $",13182674230.0
2024-12-22,ETH,"3 277,54 $",7560794.0
2024-12-22,Sol ,"180,17 $",22208561.0
2024-12-22,XRP,"2,20 $",5126857933.0
2024-12-22,bnb,"648,70 $",1682731.0
2024-12-22,btc,"95 104,94 $",453688.0
2024-12-23, DOGE,"0,32 $",13541563418.0
2024-12-23,ADA,"0,92 $",1401499833.0
2024-12-23,BNB,"693,00 $",2508326.0
2024-12-23,BTC,"94 686,24 $",689002.0
2024-12-23,ETH,"3 415,79 $",10099019.0
2024-12-23,SOL,"189,75 $",25942021.0
2024-12-23,XRP,"2,26 $",4493997465.0
2024-12-24,ADA,"0,94 $",1059780516.0
2024-12-24,BNB,"696,74 $",1644577.0
2024-12-24,BTC,"98 676,09 $",477471.0
2024-12-24,ETH,"3 492,05 $",6610352.0
2024-12-24,SOL,"196,99 $",17322667.0
2024-12-24,Xrp ,"2,32 $",2570777172.0
2024-12-24,doge,"0,34 $",9314930899.0
2024-12-25,ADA,"0,92 $",704922898.0
2024-12-25,BNB,"702,33 $",1272039.0
2024-12-25,BTC,"99 299,20 $",339382.0
2024-12-25,DOGE,"0,33 $",7593952298.0
2024-12-25,ETH,"3 493,24 $",5053159.0
2024-12-25,SOL,"197,48 $",13613674.0
2024-12-25,XRP,"2,30 $",1728184053.0
2024-12-26, BNB,"688,36 $",1821021.0
2024-12-26, DOGE,"0,31 $",8053509775.0
2024-12-26,ADA,"0,86 $",917858310.0
2024-12-26,BTC,"95 795,52 $",491202.0
2024-12-26,ETH,"3 331,23 $",6678541.0
2024-12-26,SOL,"188,22 $",15220115.0
2024-12-26,XRP,"2,15 $",2537635468.0
2024-12-27,ADA,"0,87 $",1012635131.0
2024-12-27,BNB,"690,43 $",2729790.0
2024-12-27,BTC,"94 164,86 $",556683.0
2024-12-27,Doge ,"0,31 $",6935411240.0
2024-12-27,ETH,"3 328,92 $",7237077.0
2024-12-27,SOL,"183,83 $",15167867.0
2024-12-27,XRP,"2,14 $",2533952913.0
2024-12-28,ADA,"0,89 $",606125429.0
2024-12-28,BNB,"720,96 $",2622730.0
2024-12-28,BTC,"95 163,93 $",253325.0
2024-12-28,DOGE,"0,32 $",4353347787.0
2024-12-28,ETH,"3 397,90 $",4210141.0
2024-12-28,SOL,"195,01 $",11069423.0
2024-12-28,XRP,"2,18 $",1265299601.0
2024-12-29,BTC,"93 530,23 $",316859.0
2024-12-29,DOGE,"0,31 $",5264636792.0
2024-12-29,ETH,"3 349,51 $",4012794.0
2024-12-29,SOL,"189,74 $",11414064.0
2024-12-29,XRP,"2,09 $",1458616291.0
2024-12-29,ada,"0,86 $",752189233.0
2024-12-29,bnb,"693,75 $",2374368.0
2024-12-30, SOL,"191,03 $",16993840.0
2024-12-30,ADA,"0,86 $",1128237504.0
2024-12-30,BNB,"704,15 $",2542547.0
2024-12-30,BTC,"92 643,21 $",606499.0
2024-12-30,Doge ,"0,31 $",8060175755.0
2024-12-30,Eth ,"3 356,39 $",8038864.0
2024-12-30,XRP,"2,06 $",3242449824.0
2024-12-31,Ada ,"0,84 $",802461718.0
2024-12-31,BNB,"700,99 $",3385066.0
2024-12-31,BTC,"93 429,20 $",466932.0
2024-12-31,ETH,"3 332,53 $",6255140.0
2024-12-31,Sol ,"189,26 $",17311894.0
2024-12-31,XRP,"2,08 $",2271707966.0
2024-12-31,doge,"0,32 $",6983568111.0
