duree_mois,montant,sans_compte,compte_negatif,epargne_faible,incidents_passes,emploi_recent,age,etranger,situation,defaut
18,1.049,1,0,1,0,1,21,0,"femme non célibataire, ou homme célibataire",0
9,2.799,1,0,1,0,0,36,0,homme marié ou veuf,0
12,0.841,0,1,1,0,0,23,0,"femme non célibataire, ou homme célibataire",0
12,2.122,1,0,1,0,0,39,1,homme marié ou veuf,0
12,2.171,1,0,1,0,0,38,1,homme marié ou veuf,0
10,2.241,1,0,1,0,1,48,1,homme marié ou veuf,0
8,3.398,1,0,1,0,0,39,1,homme marié ou veuf,0
6,1.361,1,0,1,0,1,40,1,homme marié ou veuf,0
18,1.098,0,0,1,0,1,65,0,"femme non célibataire, ou homme célibataire",0
24,3.758,0,1,0,0,1,23,0,"femme non célibataire, ou homme célibataire",0
11,3.905,1,0,1,0,0,36,0,homme marié ou veuf,0
30,6.187,1,0,1,0,0,24,0,femme célibataire,0
6,1.957,1,0,1,0,0,31,0,"femme non célibataire, ou homme célibataire",0
48,7.582,0,1,1,0,1,31,0,homme marié ou veuf,0
18,1.936,1,0,0,0,0,23,0,femme célibataire,0
6,2.647,1,0,0,0,0,44,0,homme marié ou veuf,0
11,3.939,1,0,1,0,0,40,0,homme marié ou veuf,0
18,3.213,0,1,0,0,1,25,0,femme célibataire,0
36,2.337,0,1,1,0,0,36,0,homme marié ou veuf,0
11,7.228,0,0,1,0,0,39,0,homme marié ou veuf,0
6,3.676,1,0,1,0,0,37,0,homme marié ou veuf,0
12,3.124,0,1,1,0,1,49,0,homme marié ou veuf,0
36,2.384,0,1,1,0,1,33,0,homme marié ou veuf,1
12,1.424,0,1,1,0,0,26,0,homme marié ou veuf,0
6,4.716,1,0,0,0,1,44,0,homme marié ou veuf,0
11,4.771,0,1,1,0,0,51,0,homme marié ou veuf,0
12,0.652,1,0,1,0,0,24,0,"femme non célibataire, ou homme célibataire",0
9,1.154,0,1,1,0,0,37,0,homme marié ou veuf,0
15,3.556,0,0,0,0,0,29,0,homme marié ou veuf,0
42,4.796,0,0,1,0,0,56,0,homme marié ou veuf,0
30,3.017,0,0,1,0,0,47,0,homme marié ou veuf,0
36,3.535,0,0,1,0,0,37,0,homme marié ou veuf,0
36,6.614,0,0,1,0,0,34,0,homme marié ou veuf,0
24,1.376,0,0,0,0,0,28,0,"femme non célibataire, ou homme célibataire",0
15,1.721,1,0,1,0,1,36,0,homme marié ou veuf,0
6,0.86,1,0,1,0,0,39,0,"femme non célibataire, ou homme célibataire",0
12,1.495,0,0,1,0,0,38,0,homme marié ou veuf,0
12,1.934,0,0,1,0,0,26,0,homme marié ou veuf,0
18,3.378,0,0,0,0,0,31,0,homme marié ou veuf,0
24,3.868,0,0,1,0,0,41,0,"femme non célibataire, ou homme célibataire",0
12,0.996,0,0,0,0,0,23,0,"femme non célibataire, ou homme célibataire",0
24,1.755,1,0,1,0,0,58,0,"femme non célibataire, ou homme célibataire",0
18,1.028,0,0,1,0,0,36,0,"femme non célibataire, ou homme célibataire",0
24,2.825,0,1,0,0,0,34,0,homme marié ou veuf,0
18,1.239,0,1,0,0,0,61,0,homme marié ou veuf,0
18,1.216,1,0,1,0,1,23,0,"femme non célibataire, ou homme célibataire",1
24,1.258,0,0,1,0,0,25,0,homme marié ou veuf,0
18,1.864,0,0,1,0,0,30,0,"femme non célibataire, ou homme célibataire",1
24,1.474,0,0,1,0,1,33,0,femme célibataire,0
24,1.382,1,0,1,0,0,26,0,homme marié ou veuf,0
12,0.64,0,0,1,0,0,49,0,homme divorcé ou séparé,0
36,3.919,0,0,1,0,0,23,0,homme marié ou veuf,0
9,1.224,0,0,1,0,0,30,0,homme marié ou veuf,0
12,2.331,0,0,0,0,0,49,0,homme marié ou veuf,0
24,6.313,0,0,0,0,0,41,0,homme marié ou veuf,0
12,0.385,1,0,1,0,0,58,0,"femme non célibataire, ou homme célibataire",0
12,1.655,0,0,1,0,0,63,0,homme marié ou veuf,0
15,1.053,1,0,1,0,1,27,1,femme célibataire,0
21,3.16,0,0,0,0,0,41,0,homme marié ou veuf,0
36,3.079,0,0,0,0,0,36,0,homme marié ou veuf,0
12,1.163,0,0,0,0,0,44,0,homme marié ou veuf,0
24,2.679,0,0,1,0,1,29,0,"femme non célibataire, ou homme célibataire",0
48,3.578,0,0,0,0,0,47,0,homme marié ou veuf,0
36,10.875,0,0,1,0,0,45,0,homme marié ou veuf,0
12,1.344,1,0,1,0,0,43,0,homme marié ou veuf,0
6,1.237,0,0,1,0,0,27,0,"femme non célibataire, ou homme célibataire",0
12,3.077,0,0,1,0,0,52,0,homme marié ou veuf,0
24,2.284,0,0,1,0,0,28,0,homme marié ou veuf,0
12,1.567,0,1,1,0,0,22,0,"femme non célibataire, ou homme célibataire",0
24,2.032,0,0,1,0,0,60,0,homme marié ou veuf,0
21,2.745,0,1,0,0,0,32,0,homme marié ou veuf,0
30,1.867,0,0,0,0,0,58,0,homme marié ou veuf,0
36,2.299,0,0,0,0,0,39,0,homme marié ou veuf,0
24,0.929,0,0,0,0,0,31,0,homme marié ou veuf,0
12,3.399,0,0,0,0,0,37,0,homme marié ou veuf,0
9,2.03,0,1,0,0,0,24,0,homme marié ou veuf,0
21,3.275,0,0,1,0,0,36,0,homme marié ou veuf,0
24,1.94,0,0,0,0,0,60,0,homme marié ou veuf,0
21,1.602,1,0,1,0,0,30,0,femme célibataire,0
15,1.979,0,0,0,0,0,35,0,homme marié ou veuf,0
24,2.022,0,0,1,0,0,37,0,"femme non célibataire, ou homme célibataire",0
36,3.342,0,0,0,0,0,51,0,homme marié ou veuf,0
18,5.866,0,1,1,0,0,30,0,homme marié ou veuf,0
15,2.36,0,0,0,0,0,36,0,homme marié ou veuf,0
15,1.52,0,0,0,0,0,63,0,homme marié ou veuf,0
12,3.651,1,0,0,0,0,31,0,homme marié ou veuf,0
24,2.346,0,0,1,0,0,35,0,homme marié ou veuf,0
36,4.454,0,0,1,0,0,34,0,"femme non célibataire, ou homme célibataire",0
6,0.666,1,0,0,0,0,39,0,"femme non célibataire, ou homme célibataire",0
24,1.965,0,1,0,0,0,42,0,"femme non célibataire, ou homme célibataire",0
12,1.995,0,1,1,0,1,27,0,homme marié ou veuf,0
30,2.991,0,1,0,0,0,25,0,"femme non célibataire, ou homme célibataire",0
30,4.221,0,1,1,1,0,28,0,"femme non célibataire, ou homme célibataire",0
9,1.364,1,0,1,0,0,59,0,homme marié ou veuf,0
18,6.361,0,1,1,0,0,41,0,homme marié ou veuf,0
27,4.526,0,0,0,0,1,32,0,homme marié ou veuf,0
12,3.573,0,1,1,0,0,23,0,"femme non célibataire, ou homme célibataire",0
36,4.455,0,1,1,0,0,30,0,homme divorcé ou séparé,1
9,2.136,1,0,1,0,0,25,0,homme marié ou veuf,0
42,5.954,0,1,1,0,0,41,0,"femme non célibataire, ou homme célibataire",0
24,3.777,0,0,0,0,0,40,0,homme marié ou veuf,0
15,0.806,1,0,1,0,0,22,0,"femme non célibataire, ou homme célibataire",0
24,4.712,0,1,0,0,0,34,0,homme marié ou veuf,0
36,7.432,0,1,1,0,0,54,0,"femme non célibataire, ou homme célibataire",0
24,1.851,0,0,1,0,0,33,0,femme célibataire,0
24,1.393,0,0,1,0,0,31,0,homme marié ou veuf,0
12,1.412,0,0,1,0,0,29,0,"femme non célibataire, ou homme célibataire",0
18,1.473,0,0,1,0,1,39,0,femme célibataire,0
24,1.533,0,0,1,0,1,38,0,"femme non célibataire, ou homme célibataire",0
12,2.012,0,0,0,0,0,61,0,"femme non célibataire, ou homme célibataire",0
15,3.959,1,0,1,0,0,29,0,"femme non célibataire, ou homme célibataire",1
6,0.428,1,0,1,0,0,49,0,"femme non célibataire, ou homme célibataire",0
12,2.366,0,1,0,0,0,36,0,homme divorcé ou séparé,0
12,0.763,0,0,1,0,0,26,0,"femme non célibataire, ou homme célibataire",0
21,3.976,0,1,0,0,0,35,0,homme marié ou veuf,0
18,6.26,0,1,1,0,0,28,0,homme marié ou veuf,0
9,1.919,0,1,1,0,0,35,0,homme marié ou veuf,0
24,2.603,0,0,0,0,0,28,0,"femme non célibataire, ou homme célibataire",0
9,0.936,0,0,0,0,0,52,0,homme marié ou veuf,0
24,3.062,0,0,0,0,0,32,0,homme marié ou veuf,0
36,4.795,0,1,1,0,1,30,0,"femme non célibataire, ou homme célibataire",0
36,5.842,0,0,1,0,0,35,0,homme marié ou veuf,0
6,2.063,0,1,1,0,1,30,0,femme célibataire,0
15,1.459,0,0,1,0,0,43,0,"femme non célibataire, ou homme célibataire",0
15,1.213,0,0,0,0,0,47,0,homme marié ou veuf,0
24,5.103,0,0,1,0,1,47,0,femme célibataire,0
15,0.874,0,0,0,0,1,24,0,"femme non célibataire, ou homme célibataire",0
6,2.978,0,0,0,0,0,32,0,homme marié ou veuf,0
18,1.82,0,0,1,0,0,30,0,femme célibataire,0
24,2.872,0,0,1,0,0,36,0,homme marié ou veuf,0
24,1.925,0,0,1,0,0,26,0,homme marié ou veuf,0
18,2.515,0,0,1,0,0,43,0,homme marié ou veuf,0
6,2.116,0,0,1,0,0,41,0,homme marié ou veuf,0
18,1.453,0,0,1,0,1,26,0,"femme non célibataire, ou homme célibataire",0
10,1.364,0,0,1,0,0,64,0,"femme non célibataire, ou homme célibataire",0
6,1.543,0,0,0,0,0,33,0,homme divorcé ou séparé,0
12,1.318,0,1,0,0,0,54,0,homme marié ou veuf,0
24,2.325,1,0,1,1,0,32,0,homme marié ou veuf,0
6,0.932,0,1,0,0,0,39,0,"femme non célibataire, ou homme célibataire",0
24,3.148,0,0,0,0,0,31,0,homme marié ou veuf,0
36,3.835,0,0,0,0,0,45,0,"femme non célibataire, ou homme célibataire",0
9,3.832,0,0,0,0,0,64,0,homme marié ou veuf,0
24,5.084,0,1,0,0,0,42,0,"femme non célibataire, ou homme célibataire",0
9,2.406,0,0,1,0,1,31,0,homme marié ou veuf,0
36,2.394,0,0,0,0,0,25,0,"femme non célibataire, ou homme célibataire",0
21,2.476,0,0,0,0,0,46,0,homme marié ou veuf,0
24,2.964,1,0,0,0,0,49,0,homme marié ou veuf,0
12,1.262,1,0,0,0,0,49,0,homme divorcé ou séparé,0
12,1.542,0,0,1,0,0,36,0,homme marié ou veuf,0
24,1.743,0,1,1,0,0,48,0,homme marié ou veuf,0
12,0.409,0,0,0,1,0,42,0,"femme non célibataire, ou homme célibataire",0
12,2.171,0,0,1,0,1,29,0,"femme non célibataire, ou homme célibataire",0
48,8.858,0,0,0,0,0,35,0,homme marié ou veuf,0
24,3.512,0,1,1,0,0,38,0,homme marié ou veuf,0
12,1.158,0,1,0,0,0,26,0,homme divorcé ou séparé,0
24,2.684,0,0,1,0,0,35,0,homme marié ou veuf,0
12,1.498,1,0,1,0,0,23,0,"femme non célibataire, ou homme célibataire",0
30,5.954,0,0,1,0,0,38,0,homme marié ou veuf,0
48,6.416,0,1,1,1,0,59,0,"femme non célibataire, ou homme célibataire",1
12,3.617,0,1,1,0,0,28,0,homme marié ou veuf,0
12,1.291,0,0,1,0,0,35,0,"femme non célibataire, ou homme célibataire",0
24,1.275,0,0,0,0,0,36,0,homme divorcé ou séparé,0
24,3.972,0,0,1,0,0,25,0,"femme non célibataire, ou homme célibataire",0
15,3.343,0,0,1,0,0,28,0,homme marié ou veuf,0
15,0.392,0,0,1,0,1,23,0,"femme non célibataire, ou homme célibataire",0
9,2.134,0,0,1,0,0,48,0,homme marié ou veuf,0
30,5.771,0,0,1,0,0,25,0,"femme non célibataire, ou homme célibataire",0
24,4.526,0,0,1,0,0,74,0,homme marié ou veuf,0
15,2.788,0,0,1,0,0,24,0,"femme non célibataire, ou homme célibataire",0
6,1.382,0,0,1,0,0,28,0,"femme non célibataire, ou homme célibataire",0
36,5.848,0,0,1,0,0,24,0,homme marié ou veuf,0
12,1.228,1,0,1,0,0,24,0,"femme non célibataire, ou homme célibataire",1
12,1.297,0,0,1,0,0,23,0,femme célibataire,0
24,1.552,0,0,1,0,0,32,0,homme marié ou veuf,0
12,1.963,0,0,1,0,0,31,0,homme marié ou veuf,0
24,3.235,0,0,0,0,0,36,0,homme divorcé ou séparé,0
24,4.139,0,0,1,0,0,27,0,homme marié ou veuf,0
12,1.804,0,1,1,0,1,44,0,homme marié ou veuf,0
18,1.95,0,0,1,0,0,34,0,homme marié ou veuf,0
48,12.749,0,0,0,0,0,37,0,homme marié ou veuf,0
9,1.236,0,0,1,0,1,23,0,"femme non célibataire, ou homme célibataire",0
18,1.055,0,0,1,0,1,30,0,"femme non célibataire, ou homme célibataire",0
30,8.072,1,0,0,1,1,25,0,homme marié ou veuf,0
30,2.831,0,0,1,0,0,33,0,"femme non célibataire, ou homme célibataire",0
9,1.449,0,0,1,0,0,27,0,"femme non célibataire, ou homme célibataire",0
36,5.742,0,0,1,0,0,31,0,homme marié ou veuf,0
12,2.39,0,0,0,0,0,50,0,homme marié ou veuf,0
24,3.43,0,0,0,0,0,31,0,homme marié ou veuf,0
36,2.273,0,1,1,0,0,32,0,homme marié ou veuf,0
21,2.923,0,0,1,0,0,28,0,"femme non célibataire, ou homme célibataire",0
24,1.901,0,0,1,0,0,29,0,homme marié ou veuf,0
36,3.711,0,1,0,0,0,27,0,femme célibataire,0
48,8.487,0,1,0,0,0,24,0,"femme non célibataire, ou homme célibataire",0
24,2.255,0,0,0,0,1,54,0,homme marié ou veuf,0
12,1.262,0,0,1,0,0,25,0,homme marié ou veuf,0
33,7.253,0,0,1,0,0,35,0,homme marié ou veuf,0
6,6.761,0,0,1,0,0,45,0,homme marié ou veuf,0
18,1.817,0,0,1,0,0,28,0,"femme non célibataire, ou homme célibataire",0
12,2.141,0,0,1,0,0,35,0,homme marié ou veuf,0
48,3.609,0,0,1,1,0,27,0,"femme non célibataire, ou homme célibataire",0
30,2.333,0,0,0,0,0,30,0,homme marié ou veuf,0
28,7.824,0,0,0,1,1,40,0,homme marié ou veuf,0
18,1.445,0,0,0,1,0,49,0,homme marié ou veuf,0
24,7.721,1,0,0,0,1,30,1,"femme non célibataire, ou homme célibataire",0
21,3.763,1,0,0,0,0,24,1,homme marié ou veuf,0
18,4.439,0,1,1,0,0,33,0,homme marié ou veuf,0
12,1.107,1,0,1,0,0,20,0,homme marié ou veuf,0
15,1.444,0,1,0,0,1,23,0,homme marié ou veuf,0
48,12.169,0,1,0,1,1,36,0,homme marié ou veuf,0
9,2.753,0,0,1,0,0,35,0,homme marié ou veuf,0
4,1.494,0,0,0,0,1,29,1,homme marié ou veuf,0
24,2.828,1,0,0,1,0,22,0,homme marié ou veuf,0
24,2.483,1,0,0,1,0,22,0,homme marié ou veuf,0
6,1.299,0,0,1,0,0,74,1,homme marié ou veuf,0
9,1.549,0,1,0,0,1,35,0,homme marié ou veuf,0
10,3.949,0,0,1,0,1,37,0,homme marié ou veuf,0
10,2.901,0,0,0,0,1,31,0,"femme non célibataire, ou homme célibataire",0
6,0.709,0,0,0,0,1,27,1,femme célibataire,0
47,10.722,1,0,1,0,1,35,0,"femme non célibataire, ou homme célibataire",0
10,1.287,0,0,0,0,0,45,1,homme marié ou veuf,0
18,1.94,1,0,1,1,1,36,0,homme marié ou veuf,0
30,3.656,0,0,0,0,0,49,0,homme marié ou veuf,0
24,4.679,0,0,1,0,0,35,0,homme marié ou veuf,0
27,8.613,0,0,0,0,0,27,0,homme marié ou veuf,0
18,2.659,1,0,0,0,0,28,0,homme marié ou veuf,0
24,1.516,0,0,0,0,0,43,0,"femme non célibataire, ou homme célibataire",0
18,4.38,1,0,1,0,0,35,0,homme marié ou veuf,0
14,0.802,0,0,1,0,0,27,0,homme marié ou veuf,0
21,1.572,0,0,0,0,0,36,0,"femme non célibataire, ou homme célibataire",0
48,3.566,0,1,1,1,0,30,0,homme marié ou veuf,0
24,1.278,0,0,1,0,0,36,0,homme marié ou veuf,0
6,0.426,0,0,1,1,0,39,0,femme célibataire,0
39,8.588,0,0,1,0,0,45,0,homme marié ou veuf,0
30,3.857,1,0,1,0,0,40,0,homme divorcé ou séparé,0
12,0.685,0,1,1,0,0,25,0,femme célibataire,1
24,1.603,1,0,1,0,0,55,0,"femme non célibataire, ou homme célibataire",0
21,2.241,0,0,1,0,0,50,0,homme marié ou veuf,0
24,2.384,1,0,1,0,0,64,0,homme marié ou veuf,0
4,0.601,0,0,1,0,1,23,0,"femme non célibataire, ou homme célibataire",0
39,2.569,0,0,0,0,0,24,0,homme marié ou veuf,0
15,1.316,0,0,0,0,0,47,0,femme célibataire,0
60,10.366,0,0,1,0,0,42,0,homme marié ou veuf,0
18,1.568,0,0,1,0,0,24,0,"femme non célibataire, ou homme célibataire",0
18,0.629,0,0,0,0,0,32,0,homme marié ou veuf,0
6,1.75,0,0,0,1,0,45,0,homme marié ou veuf,0
24,3.488,0,0,1,0,0,23,0,"femme non célibataire, ou homme célibataire",0
18,1.8,0,0,1,0,0,24,0,homme marié ou veuf,0
24,4.151,0,0,1,0,0,35,0,homme marié ou veuf,0
15,2.631,0,1,1,0,0,25,0,"femme non célibataire, ou homme célibataire",0
21,5.248,0,0,0,0,0,26,0,homme marié ou veuf,0
18,2.899,0,1,0,0,0,43,0,homme marié ou veuf,0
18,6.204,0,1,1,0,0,44,0,homme marié ou veuf,0
12,0.804,0,0,1,0,0,38,0,homme marié ou veuf,0
36,3.595,0,0,1,0,0,28,0,homme marié ou veuf,0
36,5.711,0,0,0,0,0,38,0,homme marié ou veuf,0
15,2.687,0,0,1,0,0,26,0,homme marié ou veuf,0
15,3.643,1,0,1,0,0,27,0,"femme non célibataire, ou homme célibataire",0
10,2.146,0,0,1,0,1,23,0,"femme non célibataire, ou homme célibataire",0
10,2.315,1,0,1,0,0,52,0,homme marié ou veuf,0
5,3.448,0,0,1,0,0,74,0,homme marié ou veuf,0
15,2.708,0,0,1,0,1,27,0,homme marié ou veuf,0
11,1.393,0,0,1,0,1,35,0,"femme non célibataire, ou homme célibataire",0
10,1.275,0,0,1,0,1,23,0,"femme non célibataire, ou homme célibataire",0
9,1.313,0,0,1,0,0,20,0,homme marié ou veuf,0
12,1.493,0,0,1,0,1,34,0,"femme non célibataire, ou homme célibataire",0
22,2.675,0,0,0,0,0,40,0,homme marié ou veuf,0
9,2.118,0,1,1,0,0,37,0,homme marié ou veuf,0
36,0.909,0,0,0,0,0,36,0,homme marié ou veuf,0
12,1.258,0,0,1,0,1,22,0,"femme non célibataire, ou homme célibataire",0
15,1.569,0,0,1,1,0,34,0,homme marié ou veuf,0
6,1.236,0,0,0,0,0,50,0,homme marié ou veuf,0
36,7.678,0,0,0,0,0,40,0,"femme non célibataire, ou homme célibataire",0
6,0.66,0,0,0,0,0,23,0,femme célibataire,0
24,2.835,0,0,0,0,0,53,0,homme marié ou veuf,0
24,2.67,0,0,1,0,0,35,0,homme marié ou veuf,0
12,3.447,0,0,0,1,0,35,0,"femme non célibataire, ou homme célibataire",0
15,3.568,0,0,1,0,0,54,0,"femme non célibataire, ou homme célibataire",0
21,3.652,0,1,1,0,0,27,0,homme marié ou veuf,0
24,3.66,1,0,1,0,0,28,0,"femme non célibataire, ou homme célibataire",0
9,1.126,0,0,1,0,0,49,0,homme divorcé ou séparé,0
6,0.683,0,0,1,0,1,29,0,"femme non célibataire, ou homme célibataire",0
12,2.251,0,0,1,0,0,46,0,"femme non célibataire, ou homme célibataire",0
12,4.675,0,0,0,0,1,20,0,"femme non célibataire, ou homme célibataire",0
21,2.353,0,1,1,0,0,47,0,homme divorcé ou séparé,0
21,3.357,1,0,0,0,1,29,0,"femme non célibataire, ou homme célibataire",0
6,0.672,0,0,1,0,1,54,0,"femme non célibataire, ou homme célibataire",0
6,0.338,1,0,0,0,0,52,0,homme marié ou veuf,0
9,2.697,0,0,1,0,0,32,0,homme marié ou veuf,0
9,2.507,0,0,0,0,0,51,0,homme marié ou veuf,0
15,1.478,0,0,1,0,0,33,0,femme célibataire,0
12,3.565,0,0,0,0,1,37,0,homme marié ou veuf,0
15,2.221,0,0,0,0,0,20,0,"femme non célibataire, ou homme célibataire",0
6,1.898,0,0,0,0,0,34,0,homme marié ou veuf,0
6,1.449,0,1,1,0,0,31,0,homme divorcé ou séparé,0
15,0.96,0,0,0,0,0,30,0,"femme non célibataire, ou homme célibataire",0
36,8.133,0,0,1,0,0,30,0,"femme non célibataire, ou homme célibataire",0
9,2.301,0,0,1,0,1,22,0,"femme non célibataire, ou homme célibataire",0
6,1.743,0,0,1,0,0,34,0,homme marié ou veuf,0
12,0.983,0,1,0,0,1,19,0,"femme non célibataire, ou homme célibataire",0
18,2.32,0,0,1,0,1,34,0,femme célibataire,0
12,0.339,1,0,1,1,0,45,0,femme célibataire,0
24,5.152,0,0,1,0,0,25,0,homme marié ou veuf,0
24,3.749,0,0,1,0,1,26,0,"femme non célibataire, ou homme célibataire",0
9,3.074,0,0,0,0,0,33,0,homme marié ou veuf,0
9,0.745,0,0,1,0,0,28,0,"femme non célibataire, ou homme célibataire",1
24,1.469,0,0,1,0,0,41,0,femme célibataire,0
6,1.374,1,0,1,0,0,36,0,homme marié ou veuf,0
6,0.783,0,0,0,1,0,26,0,homme marié ou veuf,0
21,2.606,1,0,1,0,1,28,0,"femme non célibataire, ou homme célibataire",0
54,9.436,0,0,0,1,0,39,0,homme marié ou veuf,0
12,0.93,0,0,0,0,0,65,0,homme marié ou veuf,0
48,2.751,0,0,0,0,0,38,0,homme marié ou veuf,0
6,0.25,0,0,0,0,0,41,0,"femme non célibataire, ou homme célibataire",0
24,1.201,0,1,1,0,1,26,0,homme marié ou veuf,0
6,0.662,1,0,1,0,1,41,0,homme marié ou veuf,0
15,1.3,0,0,0,0,0,45,0,homme marié ou veuf,0
24,1.559,0,0,1,1,0,40,0,homme marié ou veuf,0
12,3.016,0,0,1,0,0,24,0,femme célibataire,0
15,1.36,0,0,1,0,0,31,0,homme marié ou veuf,0
6,1.204,0,0,1,1,0,35,1,homme marié ou veuf,0
10,1.597,0,0,0,0,0,40,1,homme marié ou veuf,0
12,2.073,0,0,1,0,0,28,0,"femme non célibataire, ou homme célibataire",0
11,2.142,0,0,0,0,0,28,0,homme divorcé ou séparé,0
10,2.132,1,0,0,0,1,27,1,"femme non célibataire, ou homme célibataire",0
10,1.546,0,0,1,0,0,31,1,homme marié ou veuf,0
24,1.287,0,0,0,0,0,37,0,"femme non célibataire, ou homme célibataire",0
10,1.418,0,0,1,0,0,35,1,homme marié ou veuf,0
6,1.343,0,0,1,0,0,46,1,homme marié ou veuf,0
18,2.662,0,0,0,0,0,32,1,homme marié ou veuf,0
18,6.07,0,0,1,0,0,33,0,homme marié ou veuf,0
24,1.927,0,0,0,0,0,33,0,"femme non célibataire, ou homme célibataire",0
18,2.404,0,0,1,0,0,26,0,"femme non célibataire, ou homme célibataire",0
6,1.554,0,0,1,0,0,24,0,"femme non célibataire, ou homme célibataire",0
22,1.283,0,0,0,0,0,25,0,"femme non célibataire, ou homme célibataire",0
24,0.717,0,0,0,0,0,54,0,femme célibataire,0
24,1.747,1,0,1,0,1,24,1,homme marié ou veuf,0
9,1.288,1,0,1,0,0,48,1,homme marié ou veuf,0
10,1.038,1,0,1,0,0,49,0,homme marié ou veuf,0
10,2.848,0,0,1,0,0,32,0,homme marié ou veuf,0
12,1.413,0,0,0,0,0,55,1,homme marié ou veuf,0
30,3.077,0,0,0,0,0,40,0,homme marié ou veuf,0
24,3.632,1,0,1,1,0,22,1,"femme non célibataire, ou homme célibataire",0
18,3.229,0,0,0,0,1,38,0,homme marié ou veuf,0
9,3.577,0,0,1,0,0,26,1,homme marié ou veuf,0
12,0.682,0,0,1,0,0,51,0,"femme non célibataire, ou homme célibataire",0
10,1.924,0,0,1,0,0,38,1,homme marié ou veuf,0
10,0.727,0,0,0,0,0,46,0,homme marié ou veuf,0
10,0.781,0,0,1,0,0,63,0,homme marié ou veuf,0
12,2.121,1,0,1,0,0,30,0,homme marié ou veuf,0
12,0.701,0,0,1,0,0,32,0,homme marié ou veuf,0
10,2.069,0,0,0,0,0,26,1,femme célibataire,0
24,1.525,0,0,0,0,0,34,0,"femme non célibataire, ou homme célibataire",0
48,7.629,0,0,0,0,0,46,0,homme divorcé ou séparé,0
12,3.499,1,0,1,0,0,29,0,"femme non célibataire, ou homme célibataire",1
6,1.346,0,0,1,0,0,42,0,homme marié ou veuf,0
36,10.477,0,0,0,0,0,42,0,homme marié ou veuf,0
24,2.924,1,0,1,0,0,63,0,homme marié ou veuf,0
10,1.231,0,0,1,0,0,32,1,homme marié ou veuf,0
18,1.961,0,0,1,0,0,23,0,"femme non célibataire, ou homme célibataire",0
15,5.045,0,0,0,0,0,59,0,"femme non célibataire, ou homme célibataire",0
12,1.255,0,0,1,0,0,61,0,homme marié ou veuf,0
12,1.858,1,0,1,0,1,22,0,"femme non célibataire, ou homme célibataire",0
6,1.221,0,0,0,0,0,27,0,femme célibataire,0
9,1.388,0,0,1,0,0,26,0,"femme non célibataire, ou homme célibataire",0
12,2.279,0,0,0,0,0,37,0,homme marié ou veuf,0
12,2.759,0,0,1,1,0,34,0,homme marié ou veuf,0
24,1.258,0,0,0,0,0,57,0,"femme non célibataire, ou homme célibataire",0
12,1.41,0,1,1,1,0,31,0,homme marié ou veuf,0
15,1.403,1,0,1,0,0,28,0,"femme non célibataire, ou homme célibataire",0
24,3.021,1,0,1,0,0,24,0,homme divorcé ou séparé,0
24,6.568,1,0,1,0,0,21,0,femme célibataire,0
24,2.578,0,0,0,0,0,34,0,homme marié ou veuf,0
24,7.758,0,1,0,0,0,29,0,"femme non célibataire, ou homme célibataire",0
6,0.343,1,0,1,0,1,27,0,"femme non célibataire, ou homme célibataire",0
21,1.591,0,0,1,0,0,34,0,homme marié ou veuf,0
27,3.416,1,0,1,0,0,27,0,homme marié ou veuf,0
12,1.108,1,0,1,1,0,28,0,homme marié ou veuf,1
27,5.965,0,1,1,0,0,30,0,homme marié ou veuf,0
15,1.514,0,1,1,0,0,22,0,homme marié ou veuf,0
30,6.742,0,0,0,0,0,36,0,homme marié ou veuf,0
18,3.65,1,0,1,0,1,22,0,"femme non célibataire, ou homme célibataire",0
21,3.599,1,0,1,0,0,26,0,"femme non célibataire, ou homme célibataire",0
60,13.756,0,0,0,0,0,63,0,homme marié ou veuf,0
9,0.276,0,1,1,0,0,22,0,femme célibataire,0
42,4.041,0,0,0,0,0,36,0,homme marié ou veuf,0
9,0.458,0,1,1,0,0,24,0,homme marié ou veuf,0
9,0.918,0,1,1,0,0,30,0,"femme non célibataire, ou homme célibataire",1
24,7.393,0,0,1,0,0,43,0,homme marié ou veuf,0
10,1.225,0,0,1,0,0,37,0,homme marié ou veuf,0
24,2.812,1,0,0,0,0,26,0,"femme non célibataire, ou homme célibataire",0
15,3.029,0,0,1,0,0,33,0,homme marié ou veuf,0
12,1.48,0,0,0,0,1,66,0,homme marié ou veuf,0
6,1.047,0,0,1,0,0,50,0,"femme non célibataire, ou homme célibataire",0
15,1.471,0,0,1,0,0,35,0,homme marié ou veuf,0
24,5.511,0,0,1,0,0,25,0,homme marié ou veuf,0
9,1.206,0,1,1,0,0,25,0,"femme non célibataire, ou homme célibataire",0
24,6.403,0,1,1,0,1,33,0,homme marié ou veuf,0
12,0.707,0,0,1,0,0,30,0,homme marié ou veuf,0
12,1.503,0,0,1,0,0,41,0,femme célibataire,0
12,6.078,0,1,1,0,0,32,0,homme marié ou veuf,0
27,2.528,0,1,1,0,1,32,0,"femme non célibataire, ou homme célibataire",0
12,1.037,0,1,1,0,0,39,0,homme marié ou veuf,0
6,1.352,1,0,0,0,1,23,0,"femme non célibataire, ou homme célibataire",0
24,3.181,0,0,1,0,1,26,0,"femme non célibataire, ou homme célibataire",0
18,4.594,0,0,1,0,1,32,0,homme marié ou veuf,0
48,5.381,0,1,0,0,1,40,0,homme marié ou veuf,0
15,4.657,0,0,1,0,0,30,0,homme marié ou veuf,0
9,1.391,0,1,1,0,0,27,0,femme célibataire,0
18,1.913,0,1,0,0,1,36,0,femme célibataire,0
42,7.166,0,0,0,0,0,29,0,femme célibataire,0
13,1.409,0,0,1,0,1,64,0,"femme non célibataire, ou homme célibataire",0
24,2.978,0,0,0,0,0,32,0,homme marié ou veuf,0
12,0.976,0,0,0,0,0,35,0,homme marié ou veuf,0
24,2.375,0,0,0,0,0,44,0,homme marié ou veuf,0
12,0.522,0,0,0,0,0,42,0,homme marié ou veuf,0
28,2.743,0,0,1,0,0,29,0,homme marié ou veuf,0
11,1.154,0,0,1,0,1,57,0,"femme non célibataire, ou homme célibataire",0
24,5.804,0,0,0,0,0,27,0,homme marié ou veuf,0
18,1.169,0,0,0,0,0,29,0,homme marié ou veuf,0
15,1.478,1,0,1,0,0,44,0,homme marié ou veuf,0
12,0.776,0,0,1,0,0,28,0,femme célibataire,0
11,1.322,0,1,0,0,0,40,0,"femme non célibataire, ou homme célibataire",0
16,1.175,0,1,1,0,1,68,0,homme marié ou veuf,0
12,2.133,0,0,0,0,0,52,0,"femme non célibataire, ou homme célibataire",0
15,1.829,0,0,1,0,0,46,0,homme marié ou veuf,0
12,0.717,0,0,1,0,0,52,0,homme marié ou veuf,0
39,11.76,0,1,1,0,0,32,0,homme marié ou veuf,0
9,1.501,0,1,1,0,0,34,0,"femme non célibataire, ou homme célibataire",1
12,1.2,1,0,0,0,0,23,0,"femme non célibataire, ou homme célibataire",0
9,3.195,0,1,0,0,0,33,0,"femme non célibataire, ou homme célibataire",0
30,4.53,0,0,1,0,0,26,0,"femme non célibataire, ou homme célibataire",0
12,1.555,0,0,0,0,0,55,0,homme marié ou veuf,1
15,2.326,0,1,0,0,0,27,0,homme marié ou veuf,0
18,1.887,0,1,0,0,0,28,0,femme célibataire,0
12,1.264,0,0,0,0,0,57,0,homme marié ou veuf,0
7,0.846,0,0,0,0,0,36,0,homme marié ou veuf,0
15,1.532,0,0,1,0,0,31,0,"femme non célibataire, ou homme célibataire",0
6,0.935,0,0,1,0,0,24,0,"femme non célibataire, ou homme célibataire",0
27,2.442,1,0,1,0,0,43,0,homme marié ou veuf,0
18,3.59,0,1,1,0,1,40,0,femme célibataire,0
21,2.288,0,0,1,0,1,23,0,"femme non célibataire, ou homme célibataire",0
27,5.117,0,0,1,0,0,26,0,homme marié ou veuf,0
39,14.179,1,0,0,0,0,30,0,homme marié ou veuf,0
15,1.386,0,0,0,0,0,40,0,femme célibataire,0
12,0.618,0,0,1,0,0,56,0,homme marié ou veuf,0
12,1.574,0,0,1,0,0,50,0,homme marié ou veuf,0
6,0.7,0,0,0,0,0,36,0,homme marié ou veuf,0
12,0.886,0,0,0,0,0,21,0,"femme non célibataire, ou homme célibataire",0
36,4.686,0,0,1,0,0,32,0,homme marié ou veuf,0
9,0.79,0,1,0,0,0,66,0,"femme non célibataire, ou homme célibataire",0
12,0.766,0,1,0,0,0,66,0,homme marié ou veuf,1
20,2.212,1,0,0,0,0,39,0,homme marié ou veuf,0
10,7.308,0,1,1,0,1,70,0,homme marié ou veuf,0
24,5.743,0,1,1,0,1,24,0,"femme non célibataire, ou homme célibataire",0
14,3.973,1,0,1,0,1,22,0,homme marié ou veuf,0
60,7.418,0,1,0,0,0,27,0,homme marié ou veuf,0
20,2.629,0,1,1,0,0,29,0,homme marié ou veuf,0
18,1.941,0,1,0,0,0,35,0,homme marié ou veuf,0
24,2.333,0,1,0,0,1,29,0,homme marié ou veuf,0
12,2.445,0,0,0,0,1,26,0,femme célibataire,0
20,6.468,0,1,0,0,1,60,0,homme divorcé ou séparé,0
18,7.374,0,1,1,0,1,40,0,homme marié ou veuf,0
15,3.812,0,0,1,0,1,23,0,"femme non célibataire, ou homme célibataire",0
28,4.006,1,0,1,0,0,45,0,homme marié ou veuf,1
12,7.472,0,1,0,0,1,24,0,"femme non célibataire, ou homme célibataire",0
12,1.424,0,0,0,0,0,55,0,"femme non célibataire, ou homme célibataire",0
12,2.028,0,1,0,0,0,30,0,homme marié ou veuf,0
15,5.324,0,0,0,0,0,35,0,"femme non célibataire, ou homme célibataire",0
36,2.323,0,1,1,0,0,24,0,homme marié ou veuf,0
12,1.393,0,0,1,0,0,47,0,homme marié ou veuf,0
18,1.984,0,0,1,0,0,47,0,homme marié ou veuf,0
24,0.999,0,0,0,0,0,25,0,homme marié ou veuf,0
36,7.409,0,0,0,0,0,37,0,homme marié ou veuf,0
15,2.186,0,0,0,0,0,33,0,"femme non célibataire, ou homme célibataire",0
36,4.473,0,0,1,0,0,31,0,homme marié ou veuf,0
24,0.937,0,0,1,0,1,27,0,femme célibataire,0
18,3.422,0,0,1,0,0,47,0,homme marié ou veuf,0
24,3.105,0,0,0,0,1,25,0,homme marié ou veuf,0
12,2.748,0,0,1,0,0,57,0,"femme non célibataire, ou homme célibataire",0
18,3.872,0,1,1,0,1,67,0,"femme non célibataire, ou homme célibataire",0
27,5.19,0,0,0,0,0,48,0,homme marié ou veuf,0
18,3.001,0,1,1,0,0,40,0,"femme non célibataire, ou homme célibataire",0
24,3.863,0,0,1,0,0,32,0,homme marié ou veuf,0
12,5.801,0,0,0,0,0,49,1,homme marié ou veuf,0
12,1.592,0,0,0,0,0,35,0,"femme non célibataire, ou homme célibataire",0
12,1.185,0,0,1,0,0,27,0,"femme non célibataire, ou homme célibataire",0
18,3.78,0,0,1,0,1,35,0,homme divorcé ou séparé,0
18,3.612,0,1,1,0,0,37,1,"femme non célibataire, ou homme célibataire",0
12,1.076,0,0,1,0,0,26,0,femme célibataire,0
12,3.527,0,0,0,0,1,45,0,homme marié ou veuf,0
18,2.051,0,0,1,0,1,33,0,homme marié ou veuf,0
12,3.331,0,0,1,0,0,42,0,homme marié ou veuf,0
18,3.104,1,0,1,1,0,31,0,homme marié ou veuf,0
24,2.611,0,0,1,0,0,46,0,femme célibataire,0
12,1.409,1,0,1,0,0,54,0,homme marié ou veuf,0
24,1.311,0,0,1,0,0,26,0,femme célibataire,0
6,2.108,0,0,1,0,0,29,0,femme célibataire,0
24,4.042,0,0,0,0,0,43,0,homme marié ou veuf,0
12,0.926,0,0,1,0,1,38,0,"femme non célibataire, ou homme célibataire",0
12,1.68,1,0,0,0,0,35,0,femme célibataire,0
24,1.249,0,0,1,0,1,28,0,femme célibataire,0
24,2.463,0,0,1,0,0,27,0,femme célibataire,0
6,1.595,0,0,1,0,0,51,0,homme marié ou veuf,0
24,2.058,0,0,1,0,0,33,0,homme divorcé ou séparé,0
24,7.814,0,0,1,0,0,38,0,homme marié ou veuf,0
6,1.74,0,0,1,0,0,30,0,femme célibataire,0
12,1.24,0,0,0,0,0,38,0,"femme non célibataire, ou homme célibataire",0
24,6.842,0,0,0,0,0,46,0,homme marié ou veuf,0
24,5.15,0,0,1,0,0,33,0,homme marié ou veuf,0
6,1.203,1,0,1,0,0,43,0,homme marié ou veuf,0
6,2.08,0,0,0,0,0,24,0,femme célibataire,0
6,1.538,0,0,1,0,1,56,0,"femme non célibataire, ou homme célibataire",0
24,3.878,0,1,1,0,1,37,0,homme divorcé ou séparé,0
30,3.832,0,1,1,0,1,22,0,femme célibataire,0
15,3.186,0,0,0,0,0,20,0,"femme non célibataire, ou homme célibataire",0
24,2.896,0,1,1,0,1,29,0,homme marié ou veuf,0
24,6.967,0,1,1,0,0,36,0,homme marié ou veuf,0
36,1.819,0,0,1,0,0,37,0,homme marié ou veuf,1
24,5.943,0,0,0,0,1,44,0,"femme non célibataire, ou homme célibataire",1
36,7.127,0,0,1,0,1,23,0,"femme non célibataire, ou homme célibataire",1
36,3.349,0,0,1,0,0,28,0,"femme non célibataire, ou homme célibataire",1
36,10.974,0,0,1,0,1,26,0,"femme non célibataire, ou homme célibataire",1
6,0.518,0,0,1,0,0,29,0,"femme non célibataire, ou homme célibataire",0
18,1.126,0,0,0,0,1,21,0,"femme non célibataire, ou homme célibataire",0
12,1.86,0,1,1,0,1,34,0,homme marié ou veuf,0
36,9.566,0,0,1,0,0,31,0,"femme non célibataire, ou homme célibataire",0
12,0.701,1,0,1,0,0,40,0,femme célibataire,0
12,2.93,0,1,1,0,0,27,0,"femme non célibataire, ou homme célibataire",0
18,1.505,0,0,1,0,0,32,0,homme marié ou veuf,0
18,2.238,0,0,1,0,0,25,0,"femme non célibataire, ou homme célibataire",0
4,1.503,0,0,1,0,0,42,0,homme marié ou veuf,0
24,2.197,0,0,0,0,0,43,0,homme marié ou veuf,0
12,1.881,0,0,1,0,0,44,0,"femme non célibataire, ou homme célibataire",0
18,1.88,1,0,1,0,0,32,0,femme célibataire,0
18,2.389,1,0,1,0,1,27,0,"femme non célibataire, ou homme célibataire",0
24,1.967,0,1,1,0,0,20,0,"femme non célibataire, ou homme célibataire",0
4,3.38,0,0,1,0,0,37,0,"femme non célibataire, ou homme célibataire",0
4,1.455,0,0,1,0,0,42,0,homme marié ou veuf,0
7,0.73,0,0,0,0,0,46,0,homme marié ou veuf,0
18,3.244,0,1,1,1,0,33,0,"femme non célibataire, ou homme célibataire",0
9,1.67,0,1,1,0,1,22,0,"femme non célibataire, ou homme célibataire",1
48,3.979,0,1,0,0,0,41,0,homme marié ou veuf,0
12,1.922,0,1,1,0,0,37,0,homme marié ou veuf,1
18,1.295,0,1,1,0,1,27,0,"femme non célibataire, ou homme célibataire",0
4,1.544,0,0,1,0,0,42,0,homme marié ou veuf,0
8,0.907,0,1,1,0,1,26,0,femme célibataire,0
30,1.715,0,1,0,0,0,26,0,"femme non célibataire, ou homme célibataire",0
10,1.347,0,0,0,0,0,27,0,homme marié ou veuf,0
12,1.007,0,1,0,0,0,22,0,femme célibataire,0
12,1.402,0,0,0,0,0,37,0,"femme non célibataire, ou homme célibataire",0
12,2.002,0,1,1,0,0,30,0,homme marié ou veuf,0
12,2.096,0,0,1,0,0,49,0,homme marié ou veuf,0
12,1.101,0,0,1,0,0,27,0,femme célibataire,0
10,0.894,0,0,0,0,0,40,0,"femme non célibataire, ou homme célibataire",0
11,1.577,0,1,0,0,1,20,0,"femme non célibataire, ou homme célibataire",0
33,2.764,0,0,1,0,0,26,0,"femme non célibataire, ou homme célibataire",0
48,8.358,0,1,0,1,1,30,0,"femme non célibataire, ou homme célibataire",0
12,1.474,0,0,1,0,1,33,0,"femme non célibataire, ou homme célibataire",0
24,5.433,0,0,0,0,1,26,0,"femme non célibataire, ou homme célibataire",0
14,1.41,0,1,0,0,0,35,0,femme célibataire,0
20,3.485,0,0,0,0,1,44,0,homme divorcé ou séparé,0
18,3.85,0,0,1,0,0,27,0,homme marié ou veuf,0
60,7.408,0,1,1,0,1,24,0,"femme non célibataire, ou homme célibataire",1
24,1.377,0,0,1,0,0,47,0,"femme non célibataire, ou homme célibataire",0
30,4.272,0,0,1,0,0,26,0,homme marié ou veuf,0
24,1.553,0,1,1,0,0,23,0,"femme non célibataire, ou homme célibataire",0
36,9.857,0,1,1,0,0,31,0,homme marié ou veuf,0
6,0.362,0,0,1,0,0,52,0,"femme non célibataire, ou homme célibataire",0
12,1.935,0,0,1,0,0,43,0,homme marié ou veuf,0
48,10.222,0,0,0,0,0,37,0,homme marié ou veuf,0
12,1.33,0,0,1,0,1,26,0,homme marié ou veuf,0
36,9.055,0,0,0,0,0,35,0,homme marié ou veuf,0
26,7.966,0,1,1,0,1,30,0,homme marié ou veuf,0
30,3.496,0,1,0,1,0,34,0,homme marié ou veuf,0
36,6.948,0,1,1,0,0,35,0,homme marié ou veuf,0
48,12.204,0,1,0,1,0,48,0,homme marié ou veuf,0
36,3.446,1,0,1,0,0,42,0,homme marié ou veuf,1
12,0.684,1,0,1,0,0,40,0,homme marié ou veuf,1
33,4.281,1,0,0,0,0,23,0,"femme non célibataire, ou homme célibataire",1
42,7.174,1,0,0,0,0,30,0,"femme non célibataire, ou homme célibataire",1
24,1.546,1,0,1,1,0,24,0,homme marié ou veuf,1
24,2.359,1,0,1,0,1,33,0,homme divorcé ou séparé,1
24,3.621,0,0,1,0,0,31,0,homme marié ou veuf,1
12,0.741,1,0,1,0,1,22,0,"femme non célibataire, ou homme célibataire",1
12,7.865,1,0,1,0,0,53,0,homme marié ou veuf,1
24,2.91,1,0,1,0,0,34,0,homme marié ou veuf,0
18,5.302,1,0,1,0,0,36,0,homme marié ou veuf,0
36,3.62,1,0,1,0,0,37,0,homme marié ou veuf,0
18,3.509,1,0,1,0,0,25,0,"femme non célibataire, ou homme célibataire",0
12,3.017,0,1,1,0,1,34,0,"femme non célibataire, ou homme célibataire",0
12,1.657,1,0,1,0,0,27,0,homme marié ou veuf,0
8,1.164,1,0,1,0,0,51,0,homme marié ou veuf,0
36,6.229,1,0,1,0,1,23,0,"femme non célibataire, ou homme célibataire",1
24,1.193,1,0,1,1,1,29,0,"femme non célibataire, ou homme célibataire",1
30,4.583,1,0,1,1,0,32,0,homme divorcé ou séparé,0
36,5.371,1,0,1,0,0,28,0,homme marié ou veuf,0
12,0.708,1,0,1,0,0,38,0,homme marié ou veuf,0
21,0.571,1,0,1,0,0,65,0,homme marié ou veuf,0
30,2.522,1,0,1,0,0,39,0,homme marié ou veuf,0
36,5.179,1,0,1,0,0,29,0,homme marié ou veuf,1
36,8.229,1,0,1,0,0,26,0,homme marié ou veuf,1
24,2.028,0,0,1,0,0,30,0,homme marié ou veuf,0
6,1.374,1,0,0,0,1,75,0,"femme non célibataire, ou homme célibataire",0
12,1.289,1,0,1,0,0,21,0,homme marié ou veuf,0
36,2.712,1,0,1,0,0,41,0,homme marié ou veuf,1
15,0.975,1,0,1,0,0,25,0,homme divorcé ou séparé,0
6,1.05,0,1,1,0,1,35,1,homme marié ou veuf,0
6,0.609,1,0,1,0,0,37,0,"femme non célibataire, ou homme célibataire",0
48,4.788,1,0,1,0,0,26,0,homme marié ou veuf,0
24,3.069,0,1,1,0,0,30,0,homme marié ou veuf,0
12,0.836,0,1,1,0,1,23,0,"femme non célibataire, ou homme célibataire",1
12,2.577,1,0,1,0,0,42,0,homme divorcé ou séparé,0
12,1.62,1,0,1,0,0,30,0,"femme non célibataire, ou homme célibataire",0
15,1.845,1,0,1,0,1,46,0,"femme non célibataire, ou homme célibataire",0
24,6.579,1,0,1,0,1,29,0,homme marié ou veuf,0
12,1.893,1,0,1,0,0,29,0,"femme non célibataire, ou homme célibataire",0
30,10.623,1,0,1,0,0,38,0,homme marié ou veuf,0
18,2.249,1,0,1,0,0,30,0,homme marié ou veuf,0
30,3.108,1,0,1,0,1,31,0,homme divorcé ou séparé,1
12,0.958,0,1,1,0,0,47,0,homme marié ou veuf,0
24,9.277,0,0,0,0,0,48,0,homme divorcé ou séparé,0
24,6.314,0,0,1,0,1,27,0,homme marié ou veuf,0
12,1.526,1,0,1,0,0,66,0,homme marié ou veuf,0
12,3.59,1,0,1,0,0,29,0,homme marié ou veuf,0
24,6.615,1,0,1,0,1,75,0,homme marié ou veuf,0
6,1.872,1,0,1,0,1,36,0,homme marié ou veuf,0
12,2.859,0,0,0,0,1,38,0,homme marié ou veuf,0
18,1.582,0,0,0,0,0,46,0,homme marié ou veuf,0
6,1.238,0,0,0,0,1,36,0,homme marié ou veuf,0
12,2.578,1,0,1,0,1,55,0,"femme non célibataire, ou homme célibataire",0
15,1.433,1,0,1,0,0,25,0,"femme non célibataire, ou homme célibataire",0
42,7.882,1,0,1,0,0,45,0,homme marié ou veuf,0
24,4.169,1,0,1,0,0,28,0,homme marié ou veuf,0
36,3.959,1,0,1,0,1,30,0,homme marié ou veuf,0
36,3.249,1,0,1,0,0,39,0,homme marié ou veuf,0
24,3.149,1,0,1,0,1,22,0,homme marié ou veuf,0
12,2.246,1,0,1,0,0,60,0,homme marié ou veuf,1
13,1.797,1,0,1,0,1,28,0,homme marié ou veuf,0
20,4.272,1,0,1,0,0,24,0,"femme non célibataire, ou homme célibataire",0
24,2.957,1,0,1,0,0,63,0,homme marié ou veuf,0
36,2.348,1,0,1,0,0,46,0,femme célibataire,0
42,6.289,0,0,1,1,1,33,0,homme divorcé ou séparé,0
24,6.419,1,0,1,0,0,44,0,"femme non célibataire, ou homme célibataire",0
48,6.143,1,0,1,0,0,58,0,"femme non célibataire, ou homme célibataire",1
24,1.597,0,0,1,0,0,54,0,homme marié ou veuf,0
36,15.857,1,0,1,0,1,43,0,homme divorcé ou séparé,0
24,2.223,0,0,1,0,0,52,0,homme marié ou veuf,0
48,7.238,0,0,0,0,0,32,0,homme marié ou veuf,0
30,2.503,0,1,1,0,0,41,0,homme marié ou veuf,0
18,2.622,0,1,1,0,0,34,0,homme marié ou veuf,0
24,4.351,0,1,0,0,0,48,0,"femme non célibataire, ou homme célibataire",0
6,0.368,0,1,0,0,0,38,0,homme marié ou veuf,0
12,0.754,0,1,0,0,0,38,0,homme marié ou veuf,0
24,2.424,0,0,0,0,0,53,0,homme marié ou veuf,0
48,6.681,0,1,0,0,0,38,0,homme marié ou veuf,0
18,2.427,0,1,0,0,0,42,0,homme marié ou veuf,0
24,1.216,0,1,1,0,1,38,0,homme marié ou veuf,1
6,0.753,0,1,1,0,0,64,0,"femme non célibataire, ou homme célibataire",0
7,2.576,0,1,1,0,0,35,1,homme marié ou veuf,0
6,0.59,0,1,1,0,1,26,1,femme célibataire,0
8,1.414,0,1,1,0,0,33,1,homme marié ou veuf,0
12,1.103,0,1,1,0,0,29,0,homme marié ou veuf,0
12,0.585,0,1,1,0,0,20,0,femme célibataire,0
6,1.068,0,1,1,0,0,28,0,homme marié ou veuf,0
8,0.713,1,0,1,0,0,47,0,homme marié ou veuf,0
12,1.092,0,1,1,0,0,49,0,"femme non célibataire, ou homme célibataire",0
7,2.329,0,1,1,0,1,45,0,"femme non célibataire, ou homme célibataire",0
13,0.882,0,1,1,0,1,23,0,homme marié ou veuf,0
18,0.866,0,1,1,0,0,25,0,femme célibataire,0
7,2.415,0,1,1,0,0,34,0,homme marié ou veuf,0
13,2.101,0,1,1,0,1,23,0,"femme non célibataire, ou homme célibataire",0
18,1.301,0,1,1,0,0,32,0,femme célibataire,0
18,1.113,0,1,1,0,0,26,0,"femme non célibataire, ou homme célibataire",0
8,0.76,0,1,1,0,0,44,0,"femme non célibataire, ou homme célibataire",0
12,0.625,0,1,1,0,1,26,0,femme célibataire,0
6,1.323,0,0,1,0,0,28,0,homme divorcé ou séparé,0
9,1.138,1,0,1,0,0,25,0,homme marié ou veuf,0
18,1.795,0,1,1,0,0,48,0,"femme non célibataire, ou homme célibataire",0
15,2.728,0,1,0,0,0,35,0,homme marié ou veuf,0
6,0.484,0,1,1,0,0,28,0,femme célibataire,0
10,1.048,0,1,1,1,0,23,0,homme marié ou veuf,0
12,1.155,0,1,1,0,0,40,0,femme célibataire,0
20,7.057,0,1,0,0,0,36,0,homme marié ou veuf,0
15,1.537,0,1,0,0,0,50,0,homme marié ou veuf,0
12,2.214,1,0,1,0,0,24,0,homme marié ou veuf,0
24,1.585,0,0,1,0,0,40,0,homme marié ou veuf,0
10,1.521,0,1,1,0,0,31,0,homme divorcé ou séparé,0
36,3.99,0,1,0,1,1,29,0,"femme non célibataire, ou homme célibataire",0
18,3.049,0,0,1,0,1,45,0,"femme non célibataire, ou homme célibataire",0
24,1.282,1,0,1,0,0,32,0,"femme non célibataire, ou homme célibataire",1
60,10.144,0,0,1,0,0,21,0,"femme non célibataire, ou homme célibataire",0
12,1.168,1,0,1,0,0,27,0,femme célibataire,0
6,0.454,0,1,1,0,1,22,0,femme célibataire,0
15,3.594,0,0,1,0,1,46,0,"femme non célibataire, ou homme célibataire",0
12,1.768,0,0,1,0,0,24,0,homme marié ou veuf,0
60,15.653,0,0,1,0,0,21,0,homme marié ou veuf,0
12,2.247,0,0,1,0,0,36,0,"femme non célibataire, ou homme célibataire",0
24,1.413,0,0,1,0,0,28,0,femme célibataire,0
45,4.576,0,1,1,0,1,27,0,homme marié ou veuf,0
24,1.231,1,0,0,0,0,57,0,"femme non célibataire, ou homme célibataire",0
36,8.335,1,0,0,0,0,47,0,homme marié ou veuf,1
36,5.8,0,1,1,0,0,34,0,homme marié ou veuf,0
18,8.471,1,0,0,0,0,23,0,"femme non célibataire, ou homme célibataire",0
30,3.622,1,0,0,0,0,57,0,"femme non célibataire, ou homme célibataire",0
6,1.169,1,0,0,0,0,67,0,homme marié ou veuf,0
15,1.262,0,0,0,0,0,36,0,homme marié ou veuf,0
24,3.617,0,0,0,0,0,20,0,homme marié ou veuf,0
30,2.181,0,1,0,0,0,36,0,homme marié ou veuf,0
48,7.685,1,0,1,1,0,37,0,"femme non célibataire, ou homme célibataire",1
48,6.11,0,0,1,0,0,31,0,homme marié ou veuf,0
24,3.757,0,0,1,0,0,62,0,"femme non célibataire, ou homme célibataire",0
42,3.394,1,0,1,0,1,65,0,homme marié ou veuf,0
36,6.304,0,0,0,0,0,36,0,homme marié ou veuf,0
9,1.244,0,0,0,0,0,41,0,"femme non célibataire, ou homme célibataire",0
6,3.518,0,0,1,0,0,26,0,homme marié ou veuf,0
36,2.613,0,0,1,1,0,27,0,homme marié ou veuf,0
48,7.476,1,0,1,0,0,50,0,homme marié ou veuf,0
24,4.591,0,0,0,0,0,54,0,homme marié ou veuf,1
18,1.924,0,1,0,0,1,27,0,"femme non célibataire, ou homme célibataire",1
72,5.595,0,1,1,0,0,24,0,femme célibataire,1
48,6.224,0,1,1,0,0,50,0,homme marié ou veuf,1
15,1.905,0,0,1,0,0,40,0,homme marié ou veuf,0
21,2.993,0,0,1,0,0,28,0,homme marié ou veuf,0
36,8.947,0,0,0,0,0,31,0,homme marié ou veuf,0
24,4.02,1,0,1,0,0,27,0,homme marié ou veuf,0
18,2.779,0,1,1,0,0,21,0,femme célibataire,0
21,2.782,0,0,0,0,0,31,0,"femme non célibataire, ou homme célibataire",0
12,1.884,0,0,1,0,0,39,0,homme marié ou veuf,0
36,11.054,0,0,0,0,0,30,0,homme marié ou veuf,0
60,9.157,0,1,0,0,0,27,0,homme marié ou veuf,0
42,9.283,0,1,1,1,1,55,0,homme marié ou veuf,0
60,6.527,0,0,0,0,0,34,0,homme marié ou veuf,0
15,3.368,0,0,0,0,0,23,0,homme marié ou veuf,0
15,2.511,1,0,1,0,1,23,0,"femme non célibataire, ou homme célibataire",0
36,5.493,1,0,1,0,0,42,0,homme marié ou veuf,0
6,1.338,0,0,0,0,0,62,0,homme divorcé ou séparé,0
9,1.082,0,1,1,0,0,37,0,homme marié ou veuf,0
18,1.149,0,0,0,0,0,46,0,homme marié ou veuf,0
15,1.308,0,1,1,0,0,38,0,homme marié ou veuf,0
20,6.148,0,1,1,1,0,31,0,femme célibataire,0
12,1.736,0,0,1,0,0,31,0,"femme non célibataire, ou homme célibataire",0
12,3.059,0,0,0,0,0,61,0,homme divorcé ou séparé,0
24,2.996,1,0,0,0,0,20,0,femme célibataire,1
30,7.596,0,0,0,0,0,63,0,homme marié ou veuf,0
30,4.811,0,0,0,0,0,24,0,"femme non célibataire, ou homme célibataire",0
6,1.766,0,0,1,0,0,21,0,femme célibataire,0
24,2.76,0,1,0,0,0,36,0,homme marié ou veuf,0
24,5.507,0,0,1,0,0,44,0,homme marié ou veuf,0
9,1.199,0,1,1,0,0,67,0,"femme non célibataire, ou homme célibataire",0
24,2.892,0,0,1,0,0,51,0,homme divorcé ou séparé,0
36,2.862,0,1,1,0,0,30,0,homme marié ou veuf,0
9,0.654,1,0,1,0,0,28,0,homme marié ou veuf,1
9,1.136,0,1,0,0,0,32,0,homme marié ou veuf,1
24,4.113,0,1,0,0,1,28,0,"femme non célibataire, ou homme célibataire",1
6,14.555,0,1,0,0,1,23,0,homme marié ou veuf,1
15,0.95,1,0,1,1,0,33,0,homme marié ou veuf,1
24,1.199,1,0,1,0,0,60,0,homme marié ou veuf,1
12,1.082,1,0,1,1,0,48,0,homme marié ou veuf,1
30,2.15,0,1,1,0,0,24,0,"femme non célibataire, ou homme célibataire",1
36,2.82,0,1,1,0,1,27,0,homme divorcé ou séparé,1
48,3.06,0,1,1,0,0,28,0,homme marié ou veuf,1
18,2.6,1,0,1,0,0,65,0,homme marié ou veuf,1
21,5.003,0,0,0,1,0,29,0,"femme non célibataire, ou homme célibataire",1
60,6.288,0,1,1,0,0,42,0,homme marié ou veuf,1
24,2.538,0,0,1,0,0,47,0,homme marié ou veuf,1
9,1.478,0,0,1,0,0,22,0,homme marié ou veuf,1
39,4.933,0,1,1,0,0,25,0,homme marié ou veuf,1
18,1.53,0,0,1,0,0,32,0,homme marié ou veuf,1
9,1.437,0,1,1,1,0,29,0,homme marié ou veuf,1
15,1.275,1,0,0,0,0,24,0,"femme non célibataire, ou homme célibataire",1
24,1.823,1,0,1,0,1,30,0,homme marié ou veuf,1
9,1.422,1,0,1,0,1,27,0,homme marié ou veuf,1
18,1.217,1,0,1,0,0,47,0,femme célibataire,1
36,9.271,1,0,1,0,0,24,0,homme marié ou veuf,1
36,2.145,1,0,1,0,0,24,0,homme marié ou veuf,1
36,1.842,1,0,1,0,1,34,0,"femme non célibataire, ou homme célibataire",1
18,4.297,0,1,1,0,0,40,0,homme divorcé ou séparé,1
6,3.384,1,0,1,0,0,44,0,homme divorcé ou séparé,1
18,1.245,0,1,1,0,0,33,0,femme célibataire,1
15,4.623,0,0,1,0,0,40,0,homme marié ou veuf,1
30,8.386,0,1,1,0,0,49,0,homme marié ou veuf,1
24,1.024,1,0,1,0,1,48,0,femme célibataire,1
36,14.318,0,1,1,0,0,57,0,homme marié ou veuf,1
6,0.433,0,1,0,1,1,24,0,"femme non célibataire, ou homme célibataire",1
12,2.149,1,0,1,1,0,29,0,homme divorcé ou séparé,1
24,2.397,0,0,0,0,0,35,0,homme marié ou veuf,1
6,0.931,0,1,1,1,1,32,0,"femme non célibataire, ou homme célibataire",1
15,1.512,0,1,0,0,0,61,0,femme célibataire,1
24,4.241,0,1,1,1,0,36,0,homme marié ou veuf,1
24,4.736,0,1,1,0,1,25,0,"femme non célibataire, ou homme célibataire",1
15,1.778,0,1,1,1,1,26,0,"femme non célibataire, ou homme célibataire",1
15,2.327,0,0,1,0,1,25,0,"femme non célibataire, ou homme célibataire",1
24,6.872,1,0,1,1,1,55,0,homme divorcé ou séparé,1
12,0.795,1,0,1,0,1,53,0,"femme non célibataire, ou homme célibataire",1
30,1.908,0,0,1,0,0,66,0,homme marié ou veuf,1
36,1.953,0,1,1,1,0,61,0,homme marié ou veuf,1
18,2.864,0,0,1,0,0,34,0,homme marié ou veuf,1
21,2.319,0,0,1,0,1,33,0,homme divorcé ou séparé,1
24,0.915,1,0,0,0,0,29,0,"femme non célibataire, ou homme célibataire",1
24,0.947,0,0,1,0,0,38,0,homme marié ou veuf,1
24,1.381,1,0,0,0,0,35,0,"femme non célibataire, ou homme célibataire",1
24,1.285,1,0,0,0,0,32,0,"femme non célibataire, ou homme célibataire",1
24,1.371,1,0,0,0,0,25,0,"femme non célibataire, ou homme célibataire",1
18,1.042,0,1,0,0,0,33,0,"femme non célibataire, ou homme célibataire",1
12,0.9,1,0,0,0,0,23,0,femme célibataire,1
24,1.207,1,0,1,0,1,24,0,"femme non célibataire, ou homme célibataire",1
18,2.278,0,1,1,1,1,28,0,"femme non célibataire, ou homme célibataire",1
60,6.836,1,0,1,0,0,63,0,homme marié ou veuf,1
24,3.345,1,0,1,0,0,39,0,homme marié ou veuf,1
6,1.198,1,0,1,1,0,35,0,"femme non célibataire, ou homme célibataire",1
48,15.672,0,1,1,0,0,23,0,homme marié ou veuf,1
60,7.297,1,0,1,0,0,36,0,homme marié ou veuf,1
18,1.943,0,0,1,0,1,23,0,"femme non célibataire, ou homme célibataire",1
18,3.19,1,0,1,0,0,24,0,"femme non célibataire, ou homme célibataire",1
9,5.129,0,1,1,1,0,74,0,"femme non célibataire, ou homme célibataire",1
18,1.808,0,0,1,0,0,22,0,"femme non célibataire, ou homme célibataire",1
10,1.24,0,0,1,0,0,48,0,"femme non célibataire, ou homme célibataire",1
12,0.759,1,0,1,0,0,26,0,homme marié ou veuf,1
8,1.237,0,1,1,0,0,24,0,"femme non célibataire, ou homme célibataire",1
9,1.98,0,0,1,0,1,19,0,"femme non célibataire, ou homme célibataire",1
48,10.961,0,1,0,0,0,27,0,homme marié ou veuf,1
36,6.887,1,0,1,0,0,29,0,homme marié ou veuf,1
24,1.938,1,0,1,0,1,32,0,homme divorcé ou séparé,1
21,1.835,1,0,1,0,0,25,0,"femme non célibataire, ou homme célibataire",1
24,1.659,1,0,1,0,1,29,0,"femme non célibataire, ou homme célibataire",1
6,1.209,0,1,1,0,1,47,0,homme marié ou veuf,1
48,3.844,0,1,1,1,0,34,0,homme marié ou veuf,1
12,4.843,1,0,1,0,0,43,0,homme marié ou veuf,1
12,0.639,0,1,1,0,0,30,0,homme marié ou veuf,1
48,5.951,0,1,1,0,0,22,0,"femme non célibataire, ou homme célibataire",1
36,3.804,0,1,1,1,0,42,0,"femme non célibataire, ou homme célibataire",1
36,4.463,0,0,1,0,0,26,0,homme marié ou veuf,1
36,7.98,0,0,0,0,1,27,0,homme marié ou veuf,1
36,4.21,0,0,1,0,0,26,0,homme marié ou veuf,1
6,4.611,0,0,1,0,1,32,0,"femme non célibataire, ou homme célibataire",1
24,11.56,0,1,1,0,0,23,0,"femme non célibataire, ou homme célibataire",1
18,4.165,0,0,1,1,0,36,0,homme marié ou veuf,1
24,4.057,0,1,1,0,0,43,0,homme divorcé ou séparé,1
18,6.458,0,0,1,1,0,39,0,homme marié ou veuf,1
12,1.386,0,0,0,0,0,26,0,"femme non célibataire, ou homme célibataire",1
36,1.977,1,0,0,0,0,40,0,homme marié ou veuf,1
18,1.928,0,1,1,0,1,31,0,homme marié ou veuf,1
12,1.123,0,0,0,0,0,29,0,"femme non célibataire, ou homme célibataire",1
24,11.328,0,1,1,0,0,29,0,homme marié ou veuf,1
24,11.938,0,1,1,0,0,39,0,homme marié ou veuf,1
27,2.52,0,1,0,0,0,23,0,homme marié ou veuf,1
30,1.919,0,1,1,0,1,30,0,homme marié ou veuf,1
60,14.782,0,1,1,1,0,60,0,"femme non célibataire, ou homme célibataire",1
36,2.671,0,1,1,0,0,50,0,"femme non célibataire, ou homme célibataire",1
36,12.612,0,1,1,0,0,47,0,homme marié ou veuf,1
45,3.031,0,1,1,0,0,21,0,homme marié ou veuf,1
12,0.626,1,0,1,1,0,24,0,"femme non célibataire, ou homme célibataire",1
24,1.935,0,1,1,0,0,31,0,homme divorcé ou séparé,1
24,1.344,0,0,0,0,0,37,0,homme marié ou veuf,1
18,1.533,0,0,1,0,1,43,0,femme célibataire,1
48,3.931,1,0,1,0,0,46,0,homme marié ou veuf,1
24,3.349,1,0,0,1,1,30,0,homme marié ou veuf,1
36,2.302,1,0,1,0,0,31,0,homme divorcé ou séparé,1
42,3.965,1,0,1,0,1,34,0,homme marié ou veuf,1
12,0.727,1,0,1,0,1,33,0,femme célibataire,1
48,3.914,0,0,0,0,0,38,0,homme divorcé ou séparé,1
48,4.308,1,0,1,0,1,24,0,"femme non célibataire, ou homme célibataire",1
12,1.534,0,1,1,0,1,23,0,femme célibataire,1
18,2.775,0,0,1,0,0,31,0,homme marié ou veuf,1
40,5.998,1,0,1,0,0,27,0,homme marié ou veuf,1
15,1.271,0,0,0,0,0,39,0,homme marié ou veuf,1
12,1.295,0,1,1,0,1,25,0,"femme non célibataire, ou homme célibataire",1
36,9.398,0,1,1,0,1,28,0,femme célibataire,1
12,0.951,0,1,1,0,1,27,0,"femme non célibataire, ou homme célibataire",1
24,1.355,0,1,1,0,1,25,0,"femme non célibataire, ou homme célibataire",1
48,3.051,1,0,1,0,0,54,0,homme marié ou veuf,1
36,7.855,0,0,1,0,0,25,0,"femme non célibataire, ou homme célibataire",1
18,0.433,0,0,1,0,1,22,0,"femme non célibataire, ou homme célibataire",1
36,9.572,0,0,1,0,1,28,0,homme divorcé ou séparé,1
24,1.837,0,1,1,1,0,34,0,"femme non célibataire, ou homme célibataire",1
30,4.249,0,1,1,0,1,28,0,femme célibataire,1
30,5.234,0,1,1,0,1,28,0,femme célibataire,1
48,6.758,1,0,1,0,0,31,0,"femme non célibataire, ou homme célibataire",1
9,1.366,1,0,1,0,1,22,0,"femme non célibataire, ou homme célibataire",1
24,1.358,1,0,0,1,0,40,0,homme marié ou veuf,1
18,2.473,1,0,1,0,1,25,0,homme marié ou veuf,1
9,1.337,0,0,1,1,1,34,0,homme marié ou veuf,1
48,7.763,1,0,1,0,0,42,0,homme marié ou veuf,1
15,1.264,0,1,1,1,0,25,0,femme célibataire,1
15,2.631,0,1,1,0,0,28,0,"femme non célibataire, ou homme célibataire",1
48,6.56,0,1,1,0,0,24,0,homme marié ou veuf,1
24,3.123,1,0,1,0,1,27,0,"femme non célibataire, ou homme célibataire",1
36,8.065,1,0,1,0,0,25,0,"femme non célibataire, ou homme célibataire",1
24,2.439,1,0,1,0,1,35,0,"femme non célibataire, ou homme célibataire",1
36,9.034,0,1,1,0,1,29,0,homme marié ou veuf,1
60,14.027,0,1,1,0,0,27,0,homme marié ou veuf,1
36,9.629,1,0,1,0,0,24,0,homme marié ou veuf,1
12,1.484,0,1,0,0,0,25,0,femme célibataire,1
18,1.131,1,0,1,0,1,33,0,"femme non célibataire, ou homme célibataire",1
24,2.064,0,1,1,0,1,34,0,"femme non célibataire, ou homme célibataire",1
18,12.976,0,1,1,0,1,38,0,"femme non célibataire, ou homme célibataire",1
21,2.58,0,0,0,0,1,41,0,homme marié ou veuf,1
27,2.57,0,0,1,0,0,21,0,"femme non célibataire, ou homme célibataire",1
27,3.915,0,1,1,0,0,36,0,homme marié ou veuf,1
10,1.309,0,0,0,0,0,27,0,homme marié ou veuf,1
24,4.817,1,0,1,0,0,31,0,homme marié ou veuf,1
12,2.579,1,0,1,0,1,33,0,homme marié ou veuf,1
36,2.225,0,1,1,0,0,57,0,homme marié ou veuf,1
18,4.153,1,0,1,0,0,42,0,homme marié ou veuf,1
18,3.114,1,0,1,1,1,26,0,"femme non célibataire, ou homme célibataire",1
18,2.124,1,0,1,0,0,24,0,"femme non célibataire, ou homme célibataire",1
18,1.553,1,0,1,1,0,44,0,homme marié ou veuf,1
30,2.406,1,0,1,0,0,23,0,"femme non célibataire, ou homme célibataire",1
24,1.333,1,0,1,0,1,43,0,homme marié ou veuf,1
48,7.119,1,0,1,1,0,53,0,homme marié ou veuf,1
24,4.87,1,0,1,0,0,53,0,homme marié ou veuf,1
12,0.691,1,0,1,0,0,35,0,homme marié ou veuf,1
42,4.37,1,0,1,0,0,26,0,homme marié ou veuf,1
36,2.746,1,0,1,1,0,31,0,homme marié ou veuf,1
24,4.11,1,0,1,1,0,23,0,homme marié ou veuf,1
18,2.462,1,0,1,0,0,22,0,homme marié ou veuf,1
12,1.282,1,0,1,0,0,20,0,"femme non célibataire, ou homme célibataire",1
12,2.969,0,1,1,1,1,25,0,"femme non célibataire, ou homme célibataire",1
48,4.605,1,0,1,1,0,24,0,homme marié ou veuf,1
48,6.331,1,0,1,0,0,46,0,homme marié ou veuf,1
24,3.552,1,0,1,1,0,27,0,homme marié ou veuf,1
12,0.697,1,0,1,1,1,46,0,homme marié ou veuf,1
24,1.442,1,0,1,0,0,23,0,"femme non célibataire, ou homme célibataire",1
27,5.293,1,0,1,1,1,50,0,homme marié ou veuf,1
21,3.414,1,0,1,0,1,26,0,homme marié ou veuf,1
18,2.039,1,0,1,0,0,20,0,"femme non célibataire, ou homme célibataire",1
24,3.161,1,0,1,1,0,31,0,homme marié ou veuf,1
12,0.902,1,0,1,0,0,21,0,femme célibataire,1
48,10.297,1,0,1,0,0,39,0,homme marié ou veuf,1
48,14.421,0,1,1,1,0,25,0,homme marié ou veuf,1
18,1.056,0,1,1,0,0,30,0,homme marié ou veuf,1
12,1.274,1,0,1,0,1,37,0,"femme non célibataire, ou homme célibataire",1
12,1.223,0,1,1,0,0,46,0,homme divorcé ou séparé,1
12,1.372,1,0,1,0,0,36,0,homme divorcé ou séparé,1
16,2.625,1,0,1,0,0,43,1,homme marié ou veuf,1
20,2.235,1,0,1,0,0,33,1,femme célibataire,1
9,0.959,0,1,1,0,0,29,0,"femme non célibataire, ou homme célibataire",1
18,0.884,0,1,1,0,0,36,0,homme marié ou veuf,1
24,1.246,0,1,1,0,1,23,0,homme marié ou veuf,1
36,8.086,0,1,1,0,0,42,0,homme marié ou veuf,1
48,10.127,0,0,0,0,0,44,0,homme marié ou veuf,1
12,0.888,0,1,1,0,0,41,0,homme marié ou veuf,1
12,0.719,0,0,1,0,0,41,0,homme marié ou veuf,1
36,12.389,0,1,0,0,0,37,0,homme marié ou veuf,1
12,0.709,1,0,1,0,0,57,0,homme marié ou veuf,1
15,6.85,0,1,1,1,1,34,0,homme marié ou veuf,1
10,2.21,0,0,1,0,0,25,0,homme marié ou veuf,1
30,7.485,0,0,0,1,1,53,0,"femme non célibataire, ou homme célibataire",1
18,1.442,1,0,1,1,0,32,0,homme marié ou veuf,1
12,0.797,0,0,0,0,0,33,0,"femme non célibataire, ou homme célibataire",1
45,4.746,0,1,1,0,1,24,0,homme marié ou veuf,1
12,0.939,0,0,0,0,0,28,0,femme célibataire,1
21,1.188,0,1,1,0,0,39,0,"femme non célibataire, ou homme célibataire",1
48,11.59,0,0,1,0,0,24,0,"femme non célibataire, ou homme célibataire",1
12,0.609,0,0,1,1,1,26,0,"femme non célibataire, ou homme célibataire",1
18,1.19,1,0,1,0,1,55,0,"femme non célibataire, ou homme célibataire",1
21,2.767,0,1,1,0,0,61,0,homme divorcé ou séparé,1
30,3.441,0,1,1,0,0,21,0,"femme non célibataire, ou homme célibataire",1
30,4.28,0,1,1,1,0,26,0,"femme non célibataire, ou homme célibataire",1
24,3.092,0,1,1,0,1,22,0,femme célibataire,1
18,6.761,0,0,0,0,0,68,0,homme marié ou veuf,1
12,1.331,0,1,1,0,1,22,0,homme marié ou veuf,1
54,15.945,0,1,1,1,1,58,0,homme marié ou veuf,1
24,3.234,1,0,1,0,1,23,0,"femme non célibataire, ou homme célibataire",1
15,0.802,0,1,1,0,0,37,0,homme marié ou veuf,1
48,9.96,0,1,1,0,1,26,0,"femme non célibataire, ou homme célibataire",1
24,8.648,0,0,1,0,1,27,0,homme marié ou veuf,1
18,1.345,1,0,1,0,0,26,0,femme célibataire,1
45,1.845,1,0,1,0,0,23,0,homme marié ou veuf,1
21,1.647,1,0,0,1,0,40,0,homme marié ou veuf,1
48,4.844,0,0,1,0,1,33,0,homme marié ou veuf,1
27,8.318,0,1,1,1,0,42,0,"femme non célibataire, ou homme célibataire",1
18,2.1,0,0,1,0,0,37,0,homme marié ou veuf,1
45,11.816,1,0,1,1,0,29,0,homme marié ou veuf,1
6,0.448,1,0,1,0,1,23,0,"femme non célibataire, ou homme célibataire",1
30,11.998,1,0,1,0,1,34,0,homme divorcé ou séparé,1
48,18.424,0,1,1,1,0,32,1,"femme non célibataire, ou homme célibataire",1
6,14.896,1,0,1,0,0,68,0,homme marié ou veuf,1
12,2.762,0,1,0,0,0,25,0,"femme non célibataire, ou homme célibataire",1
12,3.386,1,0,1,0,0,35,0,homme marié ou veuf,1
24,2.039,0,1,1,0,1,22,0,femme célibataire,1
18,2.169,0,0,1,0,0,28,0,femme célibataire,1
48,5.096,0,1,1,0,0,30,0,"femme non célibataire, ou homme célibataire",1
18,1.882,1,0,1,0,0,25,0,"femme non célibataire, ou homme célibataire",1
48,6.999,1,0,1,0,0,34,0,femme célibataire,1
12,2.292,0,0,1,0,1,42,0,homme marié ou veuf,1
14,8.978,1,0,1,0,0,45,1,homme divorcé ou séparé,1
12,0.674,1,0,1,0,0,20,0,femme célibataire,1
18,0.976,1,0,1,0,1,23,0,"femme non célibataire, ou homme célibataire",1
24,2.718,0,1,1,0,0,20,0,"femme non célibataire, ou homme célibataire",1
18,0.75,1,0,1,0,1,27,0,"femme non célibataire, ou homme célibataire",1
24,12.579,0,1,1,0,0,44,0,"femme non célibataire, ou homme célibataire",1
18,7.511,1,0,0,0,0,51,0,homme marié ou veuf,1
18,3.966,1,0,1,0,0,33,0,"femme non célibataire, ou homme célibataire",1
12,6.199,1,0,1,1,0,28,0,homme marié ou veuf,1
24,1.987,1,0,1,0,0,21,0,homme marié ou veuf,1
24,2.303,1,0,1,0,0,45,0,homme marié ou veuf,1
21,12.68,0,0,0,0,0,30,0,homme marié ou veuf,1
12,6.468,0,1,0,0,1,52,0,homme marié ou veuf,1
30,6.35,1,0,0,0,0,31,0,homme marié ou veuf,1
